"Country","Country Code","Social Progress Index","Basic Human Needs","Foundations of Wellbeing","Opportunity","Nutrition and Basic Medical Care","Water and Sanitation","Shelter","Personal Safety","Access to Basic Knowledge","Access to Information and Communications","Health and Wellness","Environmental Quality","Personal Rights","Personal Freedom and Choice","Tolerance and Inclusion","Access to Advanced Education","Undernourishment","Depth of food deficit","Maternal mortality rate","Child mortality rate","Deaths from infectious diseases","Access to piped water","Rural access to improved water source","Access to improved sanitation facilities","Availability of affordable housing","Access to electricity","Quality of electricity supply","Household air pollution attributable deaths","Homicide rate","Level of violent crime","Perceived criminality","Political terror","Traffic deaths","Adult literacy rate","Primary school enrollment","Lower secondary school enrollment","Upper secondary school enrollment","Gender parity in secondary enrollment","Mobile telephone subscriptions","Internet users","Press Freedom Index","Life expectancy at 60","Premature deaths from non-communicable diseases","Obesity rate","Suicide rate","Outdoor air pollution attributable deaths","Wastewater treatment","Biodiversity and habitat","Greenhouse gas emissions","Political rights","Freedom of speech","Freedom of assembly/association","Freedom of movement","Private property rights","Freedom over life choices","Freedom of religion","Early marriage","Satisfied demand for contraception","Corruption","Tolerance for immigrants","Tolerance for homosexuals","Discrimination and violence against minorities","Religious tolerance","Community safety net","Years of tertiary schooling","Women's average years in school","Inequality in the attainment of education","Globally ranked universities","Percentage of tertiary students enrolled in globally ranked universities","Depth of food deficit - capped","Adult literacy rate - capped","Lower secondary school enrollment - capped","Upper secondary school enrollment - capped","Gender parity in secondary enrollment - difference from parity","Mobile telephone subscriptions - capped","Greenhouse gas emissions - capped","Globally ranked universities - bucketed","Percentage of tertiary students enrolled in globally ranked universities - bucketed"
"Finland","FIN",90.09,96.11,87.61,86.56,99.63,99.23,92.44,93.13,96.97,95.16,68.14,90.19,97.73,91.76,84.20,72.57,5,8,2.61311086750192,2.3,8.98593,100,100,97.6456582,0.675764853324002,100,6.6875,0,1.71796805321691,1,2,1,4.8,,99.51009,100.9302,181.60575,1.09287,139.663896204958,92.38,7.52,24.05006,11.22937,0.217,16.33907222,5.865867001,83.7225,96.93,297.799884288936,1,2,2,4,90,0.926365209372726,4,0.01,87.6,90,0.721262434232988,0.744254793497841,1.6,4,0.942089912691348,0.945008218288422,15.05,0.0205054,10,0.34973738628972,8,,100.0,100.0,0.093,100.0,297.8,6,4
"Canada","CAN",89.49,95.14,83.76,89.58,99.16,99.43,89.20,92.79,99.74,85.67,73.11,76.53,97.73,89.30,83.88,87.42,5,8,7.00464584498833,4.9,22.63701,,98.9999943,99.8182752,0.542223237968146,100,6.52894420731539,0,1.43936829356725,1,2,1,6,,99.47748,100.28285,119.30149,0.99735,81.0393164964622,87.12,10.99,24.92333,10.6733,0.212,10.46082284,15.566684365,69.8147305,74.5,494.633709649713,1,2,2,4,90,0.931468949190441,4,0.03,87.5,83,0.858635450142211,0.848139680584065,3.9,4,0.938671643619638,1.64092528820038,15.65,0.03856,27,0.466864117647059,8,,100.0,100.0,0.003,81.0,494.6,8,5
"Denmark","DNK",89.39,96.63,88.56,82.97,99.23,99.87,93.59,93.85,98.77,95.80,68.82,90.85,88.84,90.43,79.27,73.35,5,8,6.49691656058022,3.5,29.47551,100,100,99.5972251,0.734290799299712,100,6.69313907271706,0,0.749885783630254,1,2,1,3.5,,98.35458,116.6239,142.37397,1.0213,125.888127054011,95.99,8.24,22.88366,13.34976,0.198,10.92470987,15.514810857,91.5954306,97.6,213.354744788342,1,1,2,4,95,0.9395627302246,3,0,82,91,0.821708908685194,0.77395969702477,3.6,3,0.955311301646867,0.95282506942749,15.13,0.0296127,6,0.45431345677613,8,,100.0,100.0,0.021,100.0,213.4,5,5
"Australia","AUS",89.13,94.81,85.72,86.84,99.39,100,86.77,93.10,97.43,89.49,71.56,84.41,97.73,87.45,80.87,81.33,5,8,5.94881382022147,3.8,13.67428,,100,100,0.466860539826801,100,6.30312694197927,0,1.07280456120121,1,2,1,5.4,,97.35563,114.85434,180.81399,0.94644,131.230546848819,84.56,17.03,25.37798,9.43108,0.287,10.01405084,2.123927861,95,87.18,670.736438945246,1,2,2,4,90,0.914854630873037,4,0.01,83.1,79,0.838650165253876,0.763428039939512,4.4,4,0.951059267405367,1.05237686634064,14.54,0.019,35,0.538792415270145,8,,100.0,100.0,0.054,100.0,670.7,9,5
"Switzerland","CHE",88.87,96.26,88.44,81.89,99.38,99.96,91.80,93.92,96.86,91.34,75.22,90.34,87.70,89.60,75.39,74.88,5,8,5.18928715810953,3.9,14.46936,100,100,99.8766904,0.607908385597325,100,6.83548946213889,0,0.726185355656882,1,2,1,3.3,99,93.47996,110.31256,,0.97176,136.677398191887,87,13.85,25.48897,9.06965,0.177,12.88817353,19.146017596,95.1643916666667,90.43,116.288460842227,1,1,2,4,90,0.927802440357582,3,0.01,87.2,86,0.733394862161371,0.729018835192264,3.6,3,0.934999243129413,1.10184180736542,14.42,0.057249,11,0.457447455287373,8,99,100.0,,0.028,100.0,116.3,6,5
"Sweden","SWE",88.80,95.42,88.68,82.31,99.43,99.77,88.42,94.04,95.68,94.44,72.33,92.28,87.70,88.09,79.62,73.85,5,8,4.05108788573428,3,19.29732,100,100,99.3067381,0.50836527635581,100,6.49728428033682,0,0.916651101158312,1,2,1,2.8,,99.42095,111.60117,141.75372,1.13354,127.839262169305,92.52,9.47,24.06486,9.90926,0.194,12.17586726,6.512870863,93.2,88.76,130.315891874172,1,1,2,4,90,0.930307460940729,3,0.01,77.2,89,0.782965850070687,0.783875194652033,1.3,2,0.92342411744304,0.935909628868103,15.12,0.0346342,12,0.434238885211508,8,,100.0,100.0,0.134,100.0,130.3,7,4
"Norway","NOR",88.70,95.19,89.37,81.55,99.39,99.37,88.30,93.69,98.83,96.06,73.25,89.31,87.70,89.92,78.84,69.74,5,8,4.91837683421301,2.6,25.21199,100,100,98.0585832,0.464569889638998,100,6.66113172637092,0,0.92441115895221,1,2,1,3.8,,99.86459,99.09994,126.42837,0.96966,116.1330373352,96.3,7.75,24.24526,10.66333,0.186,10.60022145,3.437722209,83.83348,82.2,153.423271983315,1,1,2,4,90,0.936893739157987,3,0,84.6,87,0.808401257604227,0.825338805404335,3.7,3,0.931199060036119,0.974586308002472,15.42,0.0232217,4,0.293599461271025,8,,99.1,100.0,0.030,100.0,153.4,4,4
"Netherlands","NLD",88.65,95.23,88.86,81.85,99.24,99.26,92.44,90.00,99.16,94.70,74.39,87.21,87.70,89.63,76.52,73.54,5,8,6.91917593952877,3.8,25.54374,100,100,97.7262196,0.684945450511284,100,6.6475592975728,0,0.740391657192714,2,2,1,3.4,,98.8143,135.30887,126.11933,0.98612,116.423407687313,93.17,9.22,23.843,12.21161,0.143,8.966715512,24.844987518,99.27476525,90.38,269.545823295069,1,1,2,4,90,0.900786967060158,4,0,83.7,87,0.773052847502924,0.874059766003978,3.9,3,0.878552069715979,0.980976998806,14.69,0.0405123,13,0.306807042654578,8,,100.0,100.0,0.014,100.0,269.5,7,4
"United Kingdom","GBR",88.58,93.04,87.91,84.79,99.14,99.74,87.88,85.39,98.60,90.14,71.47,91.44,97.73,87.95,71.30,82.20,5,8,9.10932782716277,4.2,28.50098,100,100,99.2104299,0.45505341366627,100,6.60671441920696,0,0.95713716823702,2,3,1,2.9,,99.82744,111.36615,133.47315,1.04348,123.581084629246,91.61,20,24.00066,11.95816,0.25,6.439087502,16.318158317,96.338194,98.98,237.797153370795,1,2,2,4,90,0.829588089503316,4,0,92.6,81,0.833196899508024,0.828270065625869,5.6,2,0.933682862956955,0.958015382289886,14.9,0.0278598,84,0.573256463522112,8,,100.0,100.0,0.043,100.0,237.8,10,5
"New Zealand","NZL",88.45,93.52,85.33,86.51,99.08,99.87,86.11,89.01,97.50,92.42,69.70,81.69,98.86,87.82,83.96,75.41,5,8,11.2364035087081,5.7,18.00226,100,100,,0.471415072908366,100,6.13206768748404,0,1.03601583402515,2,2,1,6,,98.26603,102.97076,135.40684,1.06156,112.054689719466,85.5,10.06,25.11067,10.7352,0.29,10.86748251,11.117993956,70.192,92.75,535.210631433303,1,2,2,4,95,0.931770608244299,4,0.08,83.8,88,0.890691165416536,0.751815280757335,4.1,4,0.985592477034543,1.18537366390228,15.04,,8,0.476656504618283,8,,100.0,100.0,0.062,100.0,535.2,5,5
"Iceland","ISL",88.45,95.27,85.71,84.36,99.59,99.60,88.31,93.59,98.75,94.17,69.99,79.92,87.70,86.42,88.64,74.67,5,8,3.49745707892875,2,13.98407,100,100,98.7773515,0.458503897133297,100,6.6901040432065,0,0.305096199327889,1,2,1,4.6,,98.60999,97.30824,120.81942,0.99298,111.080192714665,98.16,13.87,24.46819,10.18276,0.279,10.3025128,4.244599343,60.06,66.04,210.16886823345,1,1,2,4,90,0.912187565760598,3,0.01,,79,0.783632646780936,0.822037711592505,1.3,4,0.957377243857934,1.30531024932861,14.86,0.0241753,1,0.730928320854495,8,,97.3,100.0,0.007,100.0,210.2,2,6
"Ireland","IRL",87.94,93.41,85.42,84.99,99.29,95.31,89.39,89.65,97.62,90.50,71.21,82.33,87.70,85.23,84.90,82.12,5,8,7.6995558908513,3.6,21.5292,97.8755012,97.8373335,90.4823206,0.576816198262722,100,6.42143826735647,0,1.10934259318404,2,2,1,4.1,,94.9173,114.76326,144.72475,1.01982,105.067581146549,79.69,11.2,24.06118,11.1079,0.227,10.0234063,8.849146465,51.1074435,90.51,290.555394413211,1,1,2,4,90,0.891626875179246,4,0,79.6,75,0.849320227908617,0.809838802914297,1.9,3,0.952942523759593,1.68279266357422,14.53,0.05367,9,0.538063862647171,8,,100.0,100.0,0.020,100.0,290.6,6,5
"Austria","AUT",86.60,95.67,86.84,77.28,99.46,100,90.03,93.20,96.15,90.97,71.19,89.04,87.70,85.66,72.67,63.09,5,8,3.80282083857046,3.5,12.60052,100,100,100,0.574037374261474,100,6.57980391563371,0,0.71430914490312,1,2,1,5.4,98,,99.47815,99.12974,0.95428,151.911251474679,81,10.85,24.11444,12.01781,0.18,12.81914426,20.655854913,94.3061733333333,93.33,211.827161928319,1,1,2,4,90,0.89660075636322,3,0,84.1,76,0.750380293550179,0.675881857544633,4.3,3,0.92519775895927,0.56060916185379,13.29,0.0348986,9,0.392495867900214,8,98,99.5,99.1,0.046,100.0,211.8,5,4
"Japan","JPN",86.54,96.17,87.10,76.36,99.27,99.58,92.25,93.56,99.86,87.19,79.69,81.66,95.45,78.89,56.75,74.35,5,8,5.42941662942557,2.7,33.91792,98.4529312,100,100,0.737381464769514,100,6.37524590646067,0,0.288732765623158,1,2,1,4.7,,99.95,101.35803,102.47501,1.00401,120.232998305005,90.58,26.95,26.4317,9.34599,0.039,17.78588596,18.07270502,56.5334333333333,93.25,301.267004042732,1,2,2,4,80,0.777776374600729,4,0.01,69.5,75,0.44995285533363,0.276306737076065,4.2,3,0.909946479178576,1.36750173568726,15.51,0.19813,49,0.174798051853745,8,,100.0,100.0,0.004,100.0,301.3,9,3
"Germany","DEU",86.42,94.42,87.41,77.42,99.30,99.75,88.95,89.70,97.66,92.05,70.16,89.77,79.11,84.68,71.34,74.53,5,8,6.17884246264741,3.7,21.6319,100,100,99.2191238,0.561385219958753,100,6.38730240368074,0,0.70348246655977,2,2,1,4.3,,98.46911,101.56133,104.19828,0.94828,120.420185505886,86.19,11.47,23.76277,12.31624,0.222,10.06701238,22.530020465,95.3016,100,256.792542015256,1,1,1,4,90,0.885285770121346,2,0,80.4,81,0.806150815689965,0.757277124736669,4.6,2,0.922654779289418,0.764718472957611,14.24,0.0244114,49,0.42602500552918,8,,100.0,100.0,0.052,100.0,256.8,9,4
"Belgium","BEL",86.19,94.34,85.46,78.79,99.18,99.83,89.76,88.57,95.41,91.55,67.28,87.58,85.43,85.21,74.16,70.36,5,8,6.97113752887869,4.1,27.76978,100,100,99.4847994,0.653103235512119,100,6.17368405290352,0,1.76431781715431,2,2,1,6.7,,98.87512,180.53467,154.74064,1.13634,114.269957521343,85,11.98,23.5911,12.24323,0.209,16.10238096,26.353294125,89.77596,100,277.780338634245,1,1,2,4,80,0.867633561442132,3,0.01,86.5,77,0.734654082178415,0.820406554448457,4.1,3,0.884002446285223,1.16670107841492,14.51,0.08118,7,0.349077152355841,8,,100.0,100.0,0.136,100.0,277.8,5,4
"Spain","ESP",85.88,92.74,88.25,76.67,99.31,99.95,86.51,85.20,99.48,86.23,76.16,91.12,83.15,74.44,76.09,72.98,5,8,4.99119381173132,4.1,19.11593,100,100,99.8510521,0.473213992301922,100,6.21423944830894,0,0.626056765256661,2,3,1,3.7,98.09797,99.46489,132.46856,129.70698,1.00404,107.849270058927,76.19,19.95,25.3443,10.80751,0.207,6.101069742,14.599249513,94.5219166666667,96.73,226.940921766414,1,1,2,4,70,0.729994769567199,3,0.01,80.2,58,0.837635814083855,0.87379551539318,5.8,3,0.955053483382265,0.96324497461319,13.5,0.0523147,25,0.408703507085614,8,98.1,100.0,100.0,0.004,100.0,226.9,8,4
"France","FRA",84.79,92.57,87.03,74.78,99.22,99.56,86.93,84.55,99.34,87.69,71.50,89.58,80.60,82.56,62.40,73.57,5,8,8.46516460158736,4.3,21.35432,100,100,98.6520037,0.427135073289436,100,6.51279105638203,0,1.20289630746722,2,3,1,5.1,,98.72809,108.27343,114.5843,1.007,101.212415676367,83.75,21.15,25.34971,11.37561,0.195,14.98481503,16.048297634,79.56355,99.52,186.891591618466,1,1,2,3,80,0.816449043746921,3,0.01,89.8,70,0.737008402786301,0.728004353196563,6.8,2,0.893556513623218,0.881754338741302,14.04,0.0796173,48,0.417187630312193,8,,100.0,100.0,0.007,100.0,186.9,9,4
"United States","USA",84.62,92.81,80.30,80.75,98.81,98.78,90.35,83.31,95.82,87.35,62.30,75.73,82.03,83.12,71.02,86.82,5,8,13.7493058196159,6.5,31.3432,98.6384409,98.1646803,99.9888939,0.621933715126341,100,6.44442340419543,0,3.82463065425032,1,2,3,10.6,,92.77709,101.43578,90.66866,1.00905,110.20419345959,87.36,24.41,23.08794,14.25484,0.328,11.8457455,17.159862561,50.4365,79.35,392.699985350345,1,2,1,3,80,0.84736913275098,3,0.03,84.7,76,0.743017222005936,0.735346457267154,5,3,0.900770702295177,1.85933494567871,15.06,0.053,197,0.181079868198911,8,,100.0,90.7,0.009,100.0,392.7,10,3
"Slovenia","SVN",84.27,93.75,83.13,75.92,99.45,99.15,83.53,92.89,98.74,84.83,65.82,83.13,90.90,80.26,67.83,64.68,5,8,8.5984148464806,2.6,15.44185,98.966276,99.39713,99.1072515,0.3442439235697,100,6.09591150752834,0,0.581284171582688,1,2,1,6.4,99.71596,97.38535,98.67624,119.68084,0.99749,112.083010533862,71.59,20.55,23.45852,12.63961,0.212,17.71548906,20.950491997,59.77818,100,311.147704491974,1,2,2,4,60,0.884924079650543,4,0.01,77.7,60,0.604573512970026,0.455741279287715,3.9,4,0.888981320810662,0.785113096237183,14.19,0.0264355,2,0.592133543487606,8,99,98.7,100.0,0.003,100.0,311.1,2,5
"Portugal","PRT",83.88,93.14,84.17,74.34,99.05,99.89,85.04,88.58,98.32,84.38,70.48,83.52,83.15,78.01,75.80,60.39,5,8,10.1459853876525,3.6,39.89616,100,100,99.6690391,0.421866950174088,100,6.10247798399492,0,1.34424055779507,1,2,2,7.8,95.67814,98.79869,120.47531,119.00939,0.9845,112.113913041511,64.59,17.11,24.19125,11.89582,0.223,11.02033064,14.748884116,54.120926,95.78,248.784768126643,1,1,2,4,70,0.787228681585523,4,0.05,84.2,63,0.791607696452734,0.515748181405708,2.6,4,0.85076606316165,0.394004970788956,11.54,0.0590099,8,0.453156334231806,8,95.7,100.0,100.0,0.016,100.0,248.8,5,5
"Czech Republic","CZE",82.80,96.17,82.57,69.66,99.29,99.71,90.00,95.68,97.92,90.35,63.90,78.11,75.70,77.48,57.42,68.03,5,8,4.41507630761487,3.4,27.0444,100,100,99.1146843,0.614561285708831,100,6.39604035920875,0,0.92791261246109,1.5,1,1,6.1,99,,104.20186,104.52917,1.00721,129.539048019137,79.71,11.62,21.58188,16.95646,0.194,12.43050705,36.796109713,63.007634,100,426.989121485033,1,1,1,4,75,0.785882754315711,4,0,81.8,56,0.307699637535844,0.459255377687221,3.8,3,0.903113352598279,0.538243234157562,14.47,0.0139045,9,0.454500153237523,8,99,100.0,100.0,0.007,100.0,427.0,5,5
"Estonia","EST",82.62,92.03,82.63,73.19,99.38,97.75,87.89,83.09,98.79,91.67,59.94,80.14,97.73,77.75,48.33,68.96,5,8,9.32104760735737,2.9,18.54413,96.8371234,98.9569122,97.2323658,0.69573407997301,100,5.5604321695317,0,4.0804041061021,2,3,1,7,99.82517,97.25776,109.96161,107.44902,0.99169,160.687848533734,84.24,11.19,21.74617,18.8167,0.228,15.0230231,20.759515659,71.860259,100,625.426337211077,1,2,2,4,90,0.777360362364695,4,0.05,76.7,70,0.231816282039026,0.265744864786691,6.5,4,0.901986261830376,1.10236203670502,14.47,0.0242599,2,0.468814615930624,8,99,100.0,100.0,0.008,100.0,625.4,2,5
"Italy","ITA",82.49,89.19,86.11,72.18,99.42,99.84,85.38,72.10,98.38,79.52,78.19,88.33,88.63,63.52,63.34,73.23,5,8,3.68859649089286,3.5,15.49483,99.9464445,100,99.5462677,0.482015463771538,100,5.91924351788639,0,0.814036386064324,3,4,2,6.1,99.15498,97.64187,108.8268,98.59825,0.98084,154.248656431979,61.96,27.94,25.20817,9.83219,0.182,5.289937672,19.427493814,81.169,98.96,223.282657661116,1,2,2,4,50,0.571884216108512,4,0,64.4,44,0.657879787554202,0.612819267227539,4.9,2,0.906774411540582,0.450288414955139,14.28,0.1055974,37,0.71298605804582,8,99,100.0,98.6,0.019,100.0,223.3,9,6
"Chile","CHL",82.12,88.20,82.60,75.56,98.07,96.31,80.55,77.87,96.34,84.08,67.84,82.16,96.59,77.06,71.88,56.71,5,20,22.1079876347729,8.1,36.27848,98.9968903,93.2750255,99.0508011,0.354920296346935,99.6,5.53382700419595,5.288397384,3.14141354338908,2,3,2,12.4,97.29664,92.48127,103.45108,99.01522,1.01603,133.255628761386,72.35,23,23.86901,11.85583,0.263,11.91262269,18.366157569,84.4975833333333,75.15,273.998322434279,1,2,2,4,85,0.754468522382383,4,0.06,78.4,70,0.729058966120874,0.638383859698312,4.1,4,0.824603596619671,0.539865016937256,13.29,0.12595,11,0.174265828855096,20,97.3,100.0,99.0,0.016,100.0,274.0,5,3
"Korea, Republic of","KOR",80.92,92.21,82.01,68.55,99.13,92.49,86.36,90.87,96.60,85.75,71.34,74.35,66.28,71.09,60.82,75.99,5,4,11.0110550033935,3.4,33.80374,92.9290872,87.9498446,100,0.573038544897655,100,5.74483325481415,0,0.841361889902264,1,2,1,12,,96.31119,102.29953,93.73614,0.98875,115.709981247788,84.33,26.55,24.39494,9.34175,0.064,26.0874796,32.680868263,82.4244642,69.34,434.633687104084,2,1,1,3,70,0.581320311139097,4,0,81.8,56,0.575350905553103,0.307769140239043,3.4,4,0.758017188285237,1.94365084171295,14.62,0.25538,29,0.157955505609371,8,,100.0,93.7,0.011,100.0,434.6,8,3
"Cyprus","CYP",80.75,91.50,82.12,68.63,99.45,100,81.99,84.56,98.67,84.50,75.70,69.63,93.18,68.00,48.30,65.02,5,8,6.92962026906786,2.7,16.19033,100,100,100,0.415504899665328,100,5.43457492192586,0,1.03677567415121,2,3,1,5.2,99.06569,96.91133,100.53451,98.42756,1.00077,96.3353101058229,69.33,16.52,24.3273,9.49923,0.241,3.339774589,22.859645298,14.9,78.23,291.931953402308,1,2,2,4,70,0.609534058842227,3,0.02,,61,0.559464191731153,0.320141602119409,7,3,0.765525259972911,1.31563031673431,14.64,0.1314751,1,0.204311932054404,8,99,100.0,98.4,0.001,96.3,291.9,2,4
"Uruguay","URY",80.12,87.51,74.36,78.50,97.71,95.82,82.49,74.01,91.13,84.03,61.26,61.03,93.18,82.68,82.32,55.81,5,24,14.8092554025693,10.1,46.23618,99.3522443,93.8623378,96.4357695,0.373260882335534,99.5,5.81323267992805,2.013584955,7.7111945606161,2,4,1,16.6,98.42512,99.53833,110.4621,70.55071,1.13702,160.79514574864,61.46,15.94,21.99621,17.11193,0.245,14.03490791,5.170187454,2.15,54.32,558.299894500452,1,2,2,4,70,0.894605890566958,4,0.11,87.3,74,0.808970126360556,0.816283427231564,3,4,0.884238364065936,0.275446802377701,12.08,0.09209,2,0.841783323935375,24,98.4,100.0,70.6,0.137,100.0,558.3,2,6
"Costa Rica","CRI",80.12,87.43,81.45,71.48,97.42,93.77,82.64,75.88,96.67,82.39,71.63,75.12,88.63,76.37,68.70,52.21,5,35,25.1495833691231,9.7,30.50013,97.4868529,91.8858679,94.5223953,0.451693191969219,99.5,5.60039847296786,5.566938198,8.38567116163124,2,3,2,13.9,97.75527,96.13191,133.30969,101.95306,1.05479,143.828359244231,49.41,12.26,23.49632,12.24601,0.22,6.917995977,11.308573126,3.8912,90.52,198.915962104197,1,2,2,4,50,0.8960347804268,3,0.13,89.1,55,0.706386008632972,0.502948696492995,4.7,4,0.869740540289929,0.767187714576721,10.92,0.1551065,3,0.231998929647383,35,97.8,100.0,100.0,0.055,100.0,198.9,2,4
"Poland","POL",79.76,90.97,80.15,68.16,99.18,97.16,79.94,87.59,97.85,86.59,59.29,76.88,82.02,71.49,52.20,66.95,5,8,3.10573880088193,5.2,22.57865,98.2181037,96.8797086,97.210427,0.29389734345993,100,5.49516200835002,0,0.781863333308981,2,2,1,10.3,99.79141,96.94361,100.21169,116.05313,0.96486,148.88670210677,66.6,12.71,21.43814,19.95129,0.198,16.40100595,37.679450606,57.17602,99.76,424.541366686087,1,1,2,4,65,0.728856089466219,4,0.02,60.7,62,0.36432985088295,0.26823204588506,4.4,3,0.862786091088377,0.769246757030487,14.78,0.0559326,10,0.256007984367626,8,99,100.0,100.0,0.035,100.0,424.5,5,4
"Slovakia","SVK",78.96,93.40,80.85,62.61,98.79,99.01,87.11,88.69,95.13,90.40,61.02,76.86,78.61,64.13,50.22,57.50,5,8,5.63701648028598,7.3,35.34984,97.786287,100,98.8240692,0.513479515519836,100,6.17670095992994,0,1.43454216215719,2,2,1,6.6,99.6192,,96.96792,86.46209,1.01501,116.940134070288,79.98,11.66,20.66123,19.40348,0.197,12.02804116,45.415891203,54.693412,100,292.621788644496,1,1,2,4,50,0.508155406460293,3,0.01,73.7,51,0.333929414467563,0.291461950573468,5.9,3,0.923423066264135,0.63007003068924,13.98,0.0153767,2,0.115918928334518,8,99,97.0,86.5,0.015,100.0,292.6,2,3
"Greece","GRC",78.27,90.62,83.18,60.99,99.22,99.67,82.43,81.17,97.47,78.66,75.36,81.23,64.29,58.39,53.62,67.67,5,8,3.20355460892858,4.6,24.11475,100,100,98.9755554,0.495035164132407,100,5.18769188150328,0,1.37368999131382,2.5,3,1,9.1,97.68686,97.17147,103.61142,112.54713,0.95987,110.264463799122,63.21,31.01,24.2984,12.88024,0.194,3.322668355,33.15577926,77.6235665,94.82,359.691040849013,2,1,1,4,40,0.517758252419452,3,0.04,58.6,46,0.566386683432119,0.381928625607197,5,2,0.83391836206767,1.27886641025543,13.88,0.1162377,7,0.394311101133957,8,97.7,100.0,100.0,0.040,100.0,359.7,4,4
"Croatia","HRV",77.68,91.54,79.51,62.00,99.32,98.76,84.91,83.16,94.61,81.91,62.42,79.12,75.20,65.20,48.53,59.09,5,8,8.47980866190706,4.3,12.18961,99.6371177,99.6633292,96.9766935,0.529032743645111,100,5.60577892079765,0,1.07105978758183,2,3,1,9.2,99.27412,88.98913,101.81455,97.66267,1.03919,104.431321400248,68.57,26.12,21.67408,17.72929,0.199,14.00073045,32.673887488,50.22907,98.96,272.504932602663,1,1,2,4,35,0.660630891059767,4,0.02,55.3,51,0.463827339131523,0.352867719308694,5.7,3,0.730995458203217,0.71733283996582,12.57,0.0433104,1,0.460871389607665,8,99,100.0,97.7,0.039,100.0,272.5,1,5
"Lithuania","LTU",76.94,88.09,77.07,65.65,99.06,91.19,81.01,81.09,98.03,85.64,48.71,75.91,73.43,69.36,54.05,65.76,5,8,9.90906094428812,5.2,25.50468,93.1193687,90.3822719,92.3959201,0.3364445778019,100,5.55512820012642,0,6.76241660726318,2,3,1,10.6,99.81988,97.99392,103.66719,109.51261,0.95884,147.043250860041,72.13,18.8,20.2098,22.38482,0.218,28.13998636,41.11061109,46.820228,98.55,305.905654896925,1,1,1,4,65,0.579225810970044,4,0,69.3,61,0.378882938075072,0.166566277548283,4.3,4,0.853893614788385,1.05414044857025,14.17,0.0585483,4,0.28395378690629,8,99,100.0,100.0,0.041,100.0,305.9,3,4
"Hungary","HUN",76.88,90.84,77.29,62.52,99.00,98.89,85.82,79.63,96.74,83.32,51.70,77.39,65.43,66.38,53.47,64.78,5,8,16.5837134534131,5.9,16.83285,98.3435835,100,97.9895365,0.548602723305132,100,5.72797898952275,0,2.66571853535953,2,3,2,7.7,99.05043,90.85139,101.44347,114.12653,1.0023,118.053828318504,76.13,27.44,20.02804,24.01077,0.234,18.7562663,41.962872504,51.0991787744159,100,271.241300783615,2,1,1,4,45,0.512387398530572,3,0.01,82.6,51,0.435079422288533,0.350602238451138,4.7,3,0.822304917823553,0.768818616867065,13.91,0.0318778,7,0.403645833333333,8,99,100.0,100.0,0.002,100.0,271.2,4,4
"Latvia","LVA",76.19,89.37,80.61,58.58,98.67,93.18,83.43,82.22,98.23,86.85,52.27,85.10,66.57,68.75,41.64,57.38,5,8,18.2874563216813,7.9,26.00504,92.4930133,98.3004291,87.7892703,0.462082859116415,100,5.55838525959208,0,3.45432195341935,2,3,1,10,99.89138,97.82903,111.29013,109.86454,0.96724,116.799135372844,75.83,18.12,19.69281,24.14147,0.221,17.73916062,37.402483354,94.23,97.81,284.225704977847,2,1,1,4,50,0.610308235142244,3,0.01,75.3,55,0.196072982289243,0.196055421521758,7.4,4,0.841694297392255,0.777290463447571,14.44,0.034944,1,0.136206787052522,8,99,100.0,100.0,0.033,100.0,284.2,1,3
"Israel","ISR",75.32,88.85,83.33,53.78,99.17,100,82.11,74.10,98.18,80.33,74.96,79.86,37.76,70.19,34.02,73.15,5,8,5.24146497386303,4,31.22353,100,100,100,0.27111989401288,100,6.09198768369613,0,1.74935531390769,2,3,4,3.6,,96.87254,103.3038,99.65771,1.0198,121.450652618278,71.45,32.09,24.89846,9.47646,0.232,6.90591618,23.155566562,94.27076,71.29,388.921556254219,1,0,0,0,75,0.725205390999169,2,0.03,67.3,61,0.401242804303918,0.344241813440706,9.7,1,0.857189508704609,1.31403744220734,15.68,0.09907,7,0.267655474984006,8,,100.0,99.7,0.020,100.0,388.9,5,4
"Argentina","ARG",75.20,82.48,76.04,67.08,97.29,98.31,66.59,67.75,94.89,80.93,64.62,63.73,67.20,67.11,74.33,59.67,5,2,52.3876611697131,12.5,68.73297,98.2382623,99.9503951,96.3550679,0.301091410146989,99.8,2.56034629821777,5.05028321,7.03363374703818,3,4,2,13.6,98.08516,99.51954,128.423,83.84784,1.07585,158.798561112357,64.7,26.11,21.51349,17.47712,0.208,9.11559657,15.183747778,7.67,69.72,,2,1,2,4,15,0.864202874053988,4,0.13,75.2,32,0.767847644728927,0.651811793051457,5,4,0.922887093212618,0.302637368440628,13,0.08098,16,0.237835555165412,8,98.1,100.0,83.8,0.076,100.0,,6,4
"United Arab Emirates","ARE",73.69,89.91,77.59,53.56,98.49,93.38,88.42,79.37,93.17,83.36,60.09,73.73,25.62,74.15,58.96,55.49,5,18,6.10030295420311,6.8,35.62644,78.7448148,99.9900346,97.5571069,0.512219581521866,97.69783,6.60228511360939,0.002457081818,0.61366772491646,1,3,3,10.9,93.83585,90.73824,100,87,,178.061544689901,90.4,36.73,19.79168,18.90891,0.29,4.684265155,62.739494983,87.141,89.41,411.81237650724,6,0,0,2,55,0.904787765580685,2,0.07,56.9,70,0.843515552939889,,3.9,3,0.815518101346551,0.42725995182991,13.18,,6,0.269152803019712,18,93.8,100.0,87.0,,100.0,411.8,3,4
"Mauritius","MUS",73.24,89.44,72.84,57.46,96.32,97.64,81.02,82.77,94.14,74.40,61.48,61.34,62.27,69.67,67.21,30.69,5,35,53.3580178306572,13.5,61.77197,99.8494712,99.8180558,93.1491463,0.366187922756802,100,5.53449990173866,4.000786914,2.74884326250064,2,2,2,12.2,90.62253,96.1962,112.42863,87.14506,1.02127,132.249824080515,41.44,27.69,20.21792,24.00981,0.131,9.459876861,27.20487297,4.2,55.45,264.0181684281,1,0,1,4,60,0.808120678140074,4,0.1,65.4,53,0.814649150296213,0.329639977875015,3.8,4,0.779577488421127,0.174052059650421,10.36,0.1317,0,0,35,90.6,100.0,87.1,0.021,100.0,264.0,0,0
"Panama","PAN",73.02,81.21,78.54,59.31,92.67,84.43,76.84,70.91,88.05,74.79,74.36,76.97,70.61,64.07,61.52,41.04,9.5,66,94.4862369069178,17,86.14526,92.132509,88.6225302,74.9922891,0.474907123922055,90.87544,4.82658869211147,12.810514725,17.1524218582299,3,3,2,10,95.04833,95.89735,93.59704,57.23139,1.06322,158.054282495466,44.92,28.98,23.5701,12.4512,0.152,7.293265028,4.687439532,13.32,87.93,238.522036614296,2,1,2,4,30,0.81989712613015,4,0.22,75,39,0.58101415315675,0.398669007544357,5.6,4,0.880796791424717,0.893690228462219,12.46,0.16602,0,0,66,95.0,93.6,57.2,0.063,100.0,238.5,0,0
"Romania","ROU",72.23,84.26,74.91,57.52,98.04,82.96,76.45,79.60,93.81,78.69,59.40,67.72,63.16,68.03,43.33,55.58,5,8,31.3806334590784,11.1,38.53032,62.698224,100,79.0765515,0.335361661600506,100,4.51719075314826,0,1.54766988567151,2,3,2,8.7,98.76871,86.987,94.72208,101.13253,0.98336,105.914150019538,54.08,24.9,19.80371,22.55017,0.194,9.052622184,47.671691558,15.39138,95.77,338.890105310533,2,1,1,4,35,0.768855932231547,2,0.03,69,46,0.559935538568092,0.209671295843289,6.8,2,0.771397092565342,0.437856256961823,13.8,0.0467028,4,0.176104128886351,8,98.8,94.7,100.0,0.017,100.0,338.9,3,3
"Bulgaria","BGR",72.14,87.18,74.81,54.42,98.43,94.70,79.73,75.87,95.61,75.96,57.84,69.84,62.02,54.62,47.51,53.54,5,8,10.8490310236781,10.4,33.43333,99.0819163,98.9825688,85.9820705,0.547213075064336,100,4.34192406205826,0,1.50018314357044,3,3,2,8.3,98.38898,94.92968,93.14579,108.1459,0.96525,137.706595342242,55.49,32.91,19.6997,24.0459,0.186,10.39260937,51.148647389,60.8093964,88.98,531.55133854499,2,1,1,4,30,0.529268166076604,2,0.09,59.2,41,0.388374098447473,0.257840022685943,5.2,2,0.875062471485809,0.846061766147614,13.62,0.0551671,1,0.074660952932289,8,98.4,93.1,100.0,0.035,100.0,531.6,1,2
"Jamaica","JAM",71.94,74.32,75.94,65.57,93.47,81.37,75.33,47.11,85.51,80.54,67.47,70.21,82.91,74.12,63.63,41.62,8.1,58,88.5669001612516,15.7,96.97757,71.5191826,89.4250228,81.7844748,0.43531814773145,92.63344,4.50081300735474,10.64509777,42.8813591301353,5,4,3,11.5,88.69002,,86.10684,78.66416,1.08082,107.383531088091,40.5,11.18,21.18815,17.02184,0.216,2.952282852,20.69292904,5.5,90.47,382.783838295843,2,2,2,4,40,0.806271593167815,4,0.01,83.1,41,0.718688099300954,0.14358640447544,3.9,4,0.859804667305414,0.555756330490112,12.81,0.0560595,0,0,58,88.7,86.1,78.7,0.081,100.0,382.8,0,0
"Kuwait","KWT",71.84,89.57,74.42,51.54,97.69,97.65,78.32,84.62,91.57,82.66,59.59,63.84,35.39,68.09,51.47,51.23,5,21,4.11794062668462,8.6,82.48296,,99.0003702,100,0.307043295595817,97.69783,5.25176245751588,2.277648961,1.94855128246778,1,2,2,18.7,96.15905,92.12459,98.60423,84.57665,1.07928,218.430285244086,78.7,30.84,21.11066,11.80245,0.491,1.863045927,46.017107194,43.1,87.12,756.416013955712,5,0,1,2,45,0.825401239279249,2,0.05,61.7,49,0.685818798477954,,4.7,2,0.794659727594558,0.222853064537048,12.51,,1,0.518401916808291,21,96.2,98.6,84.6,0.079,100.0,756.4,1,5
"Brazil","BRA",71.70,75.90,77.65,61.55,96.66,86.63,72.49,47.81,95.67,76.87,65.85,72.19,65.43,72.59,61.91,46.27,5,10,43.6669334136451,16.4,92.77389,93.7021238,86.9604601,82.7756729,0.379081349037454,99.5,3.78015901145444,12.332195007,26.5425401365802,4,4,4,23.4,92.58371,95,100,95.31568,,138.951490610451,57.6,31.93,21.67468,19.41218,0.164,8.301867654,25.383855171,17.556,92.62,355.859409491255,2,1,1,4,45,0.791144406927078,4,0.04,86.8,38,0.694892452773059,0.631877069095672,5.9,2,0.899993343951253,0.379959642887115,9.6,0.2356,24,0.086674466786946,10,92.6,100.0,95.3,,100.0,355.9,7,2
"Serbia","SRB",71.55,88.67,71.32,54.64,98.89,96.66,79.17,79.97,96.13,77.48,55.42,56.27,70.32,49.18,43.75,55.32,5,8,16.8513916313045,6.7,19.35223,93.8895674,98.9111068,96.4266986,0.456089900918669,100,4.61107292175293,0,1.4502361390539,2,3,2,7.7,98.10805,96.24177,99.1817,89.84195,1.02217,122.132822025314,53.5,27.66,18.94268,24.53158,0.178,12.98213883,32.10533958,6.40541333333333,61.46,624.238248780867,2,1,2,3,50,0.493915771811092,3,0.05,31.2,40,0.538067343800144,0.196202706278337,8.1,3,0.800045460319695,0.544547975063324,13,0.0812667,1,0.399270325471077,8,98.1,99.2,89.8,0.022,100.0,624.2,2,4
"Colombia","COL",70.84,74.31,77.34,60.86,93.89,78.40,76.31,48.62,90.85,72.83,73.63,72.06,63.12,66.17,59.96,54.20,8.8,62,64.3258285688824,15.9,54.99818,87.8547038,73.8162971,81.0978463,0.416521516905209,97,4.96086957454681,24.835111844,31.8415370562598,4,4,4,16.8,94.67554,93.28871,109.74832,82.35626,1.10321,113.081145429323,52.57,39.08,24.1342,12.44183,0.189,7.077066539,22.341558853,12.243,87.99,277.543256262215,3,1,1,4,50,0.781873306151508,4,0.17,83,37,0.745054987020846,0.579038457109335,8,3,0.887167344181448,0.900561332702637,10.81,0.21256,10,0.132097324579766,62,94.7,100.0,82.4,0.103,100.0,277.5,5,3
"Peru","PER",70.09,75.93,79.35,54.98,93.80,72.06,73.71,64.15,94.65,72.72,74.24,75.81,64.29,60.71,53.16,41.75,7.5,50,68.3639525081779,16.9,121.27342,78.2463924,69.2493232,76.1934462,0.426191959306559,91.2,4.73937639539892,28.871061917,6.65368139378238,3,4,3,13.9,94.47953,92.81158,100.32442,88.48266,0.99756,103.610657544261,40.2,31.21,22.7245,11.2173,0.17,5.520349122,19.575226597,34.6464,84.59,269.640091369131,2,1,1,4,40,0.785246305574123,3,0.16,63.5,36,0.603250734434757,0.345375984216192,7.5,4,0.792701275230857,0.739725828170776,11.57,0.23289,3,0.049812275121239,50,94.5,100.0,88.5,0.002,100.0,269.6,2,1
"Malaysia","MYS",70.08,88.45,73.31,48.48,97.24,94.48,87.06,75.02,88.39,75.00,63.14,66.71,32.52,60.84,45.72,54.84,5,14,39.810018000627,7,117.35966,96.4133872,92.9907571,96.0120812,0.612424255270026,100,5.77932983776034,1.708888591,1.90975792580484,3,2,2,24,94.6446,97.031212,91.59426,56.12563,,148.829848890429,67.5,43.29,18.77471,19.62559,0.142,7.516689957,41.895762998,19.5888,90.85,449.538769100673,4,0,0,2,55,0.662409819673569,1,0.06,57.6,50,0.407910039126324,0.209723075944575,6.2,3,0.808023205085903,0.604765295982361,11.93,,8,0.184072647624813,14,94.6,91.6,56.1,,100.0,449.5,5,3
"Mexico","MEX",70.02,78.15,72.91,59.00,96.81,89.42,76.46,49.91,89.80,62.58,64.86,74.38,71.70,61.77,48.36,54.18,5,29,37.8480704871595,13.2,57.03618,92.328409,92.1359485,85.1572109,0.39223364256986,99.1,4.70648505039479,14.299732954,18.9142579020037,5,4,4,12.3,94.38968,95.61474,111.18378,62.5214,1.06611,82.2200092302685,44.39,43.69,21.41908,15.74976,0.272,5.496125898,16.070968085,39.7229963333333,78.66,367.104681740633,3,1,2,4,50,0.706717389865561,3,0.17,81,35,0.535598269856757,0.479892079674647,6.4,2,0.752839561649726,0.704680442810059,10.77,0.1974609,14,0.199791658334212,29,94.4,100.0,62.5,0.066,82.2,367.1,6,3
"Albania","ALB",69.78,86.13,74.13,49.07,97.70,90.65,83.37,72.80,94.65,78.73,66.90,56.24,63.46,52.83,47.30,32.70,5,8,28.5968451651504,14,46.46759,81.967769,95.2322831,93.2337102,0.650534180086339,100,4.72438604514916,0,4.02882286036794,3,3,2,15.1,97.62414,95.51731,98.62413,93.92742,0.92582,105.469965746985,60.1,28.77,18.90358,18.80816,0.102,5.159633391,48.751458735,5.136225,54.12,257.694735741645,3,1,2,3,35,0.689640688549069,4,0.07,24,36,0.518778415667354,0.117235794253105,5,4,0.636446884805776,0.073287516832352,12.26,0.119,0,0,8,97.6,98.6,93.9,0.074,100.0,257.7,0,0
"Ecuador","ECU",69.56,78.36,77.09,53.23,91.90,79.66,77.88,63.99,94.66,72.49,72.13,69.10,55.16,61.30,58.64,37.84,10.9,70,63.7793635099994,21.6,97.30908,85.305008,75.5155497,84.6886274,0.464794512595247,97.2,4.57758617401123,5.549822266,12.4125830175652,3,4,2,20.1,94.45504,94.66526,116.1984,92.1486,1.04059,103.899164782894,43,33.65,22.43367,11.91679,0.134,10.70260158,22.172022315,0,88.91,346.763326773019,3,1,1,4,15,0.789080637247048,4,0.22,75.1,32,0.707285014216824,0.419534582961318,7.8,4,0.851929155027886,0.382758527994156,11.24,0.2105,2,0.046546267307053,70,94.5,100.0,92.1,0.041,100.0,346.8,2,1
"Georgia","GEO",69.17,85.71,71.83,49.97,95.51,90.16,74.65,82.49,98.29,76.29,59.24,53.51,70.87,57.12,25.93,45.95,7.4,55,36.0557936311841,11.9,39.31093,80.4477598,100,86.2561853,0.610201600471015,100,4.93614669799805,74.971487505,4.26096811929982,2,2,2,11.8,99.7609,99.00432,108.82591,91.47105,1.00334,124.935540091449,48.9,27.7,19.78068,21.59142,0.251,5.910562552,59.622166749,0,70.31,472.991145923317,3,2,1,4,40,0.58720153992951,3,0.14,53.6,52,0.471660060153978,0.067623936643197,7.8,2,0.493075914737166,,14.57,0.03305,0,0,55,99,100.0,91.5,0.003,100.0,473.0,0,0
"Montenegro","MNE",68.17,85.59,70.31,48.63,99.22,93.96,74.59,74.59,94.35,76.69,53.30,56.87,60.84,44.31,46.47,42.89,5,8,7.15852410611094,4.7,18.69559,84.1990102,99.1686009,95.9086551,0.358807159953286,100,3.98927086065601,0,1.60433705394653,3,3,2,11.9,98.73229,92.89657,95.35183,85.5744,0.99935,163.029368892207,61,34.63,20.00057,22.15446,0.219,19.32248622,52.814310366,6.7,67.72,393.470819623971,3,1,1,4,40,0.578435378122351,4,,17.5,44,0.680398619608043,0.156319612712947,7.3,3,0.737265529614771,,13.05,0.0736696,0,0,8,98.7,95.4,85.6,0.001,100.0,393.5,0,0
"Tunisia","TUN",68.00,82.17,74.60,47.23,97.06,89.19,76.23,66.22,90.80,71.35,69.96,66.29,67.74,64.16,32.01,25.03,5,3,62.020199295388,14,64.96261,82.0104906,93.2040547,91.5946671,0.259675259339031,100,4.83527329753589,1.450693658,3.06773553337572,3,3,3,24.4,81.77949,98.56518,107.308,78.2512,1.04599,128.485767478863,46.16,38.68,20.74825,17.21227,0.14,3.143848921,40.811918691,44.1,61.04,275.800156989303,1,1,1,4,40,0.68116889949156,2,0.02,71.4,38,0.576684513461351,0.04193508893917,7.8,2,0.602637008092775,0.52320259809494,9.1,0.3457692,0,0,8,81.8,100.0,78.3,0.046,100.0,275.8,0,0
"Macedonia","MKD",67.88,87.69,70.29,45.67,99.16,94.30,81.71,75.61,87.11,77.86,59.77,56.40,49.98,51.33,41.40,39.96,5,8,7.55305804941659,5.5,16.89418,91.9217296,98.8764306,90.9111339,0.545086809681261,100,4.80298147741354,0,1.03666264538658,3,3,2,9.4,97.82632,83.1576,85.478,78.89102,0.97905,105.501950736898,68.06,36.26,19.32906,22.10894,0.194,7.729356603,49.578049758,4.445,72.3,517.748468346961,4,0,2,3,35,0.617550284635353,3,0.07,25,42,0.49985792390201,0.092047688295883,7,3,0.74070891018233,,12.74,0.10592,0,0,8,97.8,85.5,78.9,0.021,100.0,517.7,0,0
"Turkey","TUR",67.82,84.72,70.03,48.69,97.94,98.33,79.71,62.92,94.93,68.61,62.33,54.25,52.25,57.00,38.98,46.54,5,1,15.9466185600442,13.5,43.88609,100,100,94.871085,0.568972996478546,100,4.48539029060052,9.001969622,4.34862503232483,3,4,4,8.9,95.01062,92.90035,139.88639,95.42201,0.96826,94.7933027959168,51.04,44.16,20.88633,18.40422,0.276,5.070495673,37.77615667,31.554968,22.53,314.105779918543,3,1,0,4,40,0.638489375746857,1,0.1,59.8,42,0.528593441715983,0.196760045596339,9,2,0.8359854947177,0.361524492502213,8.76,0.1415618819,13,0.081188136720736,8,95.0,100.0,95.4,0.032,94.8,314.1,6,2
"South Africa","ZAF",67.60,66.95,68.23,67.61,87.00,72.96,66.02,41.84,85.62,78.50,45.63,63.19,75.15,75.73,66.40,53.14,5,13,138.046154103977,40.5,611.58799,72.6984463,81.3951663,66.3871416,0.51771036769324,85.4,2.87072287356412,28.197364295,31.8636576782243,5,4,4,25.1,94.26664,,94.91587,94.87046,1.26382,149.193517488526,49,22.06,16.52209,26.84861,0.288,13.12079388,30.523512042,32.49,75.06,714.215917764904,2,1,2,4,50,0.857969637307306,4,0.03,83,44,0.614614332663902,0.564164873870941,5.5,4,0.895256637977783,0.112387612462044,11.48,0.1606077,10,0.45736263439147,13,94.3,94.9,94.9,0.264,100.0,714.2,5,5
"Paraguay","PRY",67.44,78.95,69.19,54.18,91.49,89.28,69.16,65.89,85.34,72.46,62.36,56.61,58.57,64.76,62.21,31.18,10.4,71,131.724973218521,20.5,77.28754,82.9420462,94.9488216,88.5978869,0.522276551935409,98.2,3.3474488205982,44.953854698,8.89403423256482,3,3,3,20.7,95.56244,88.54507,84.21065,68.88447,1.06561,105.604533030992,43,33.74,21.39382,18.5038,0.259,7.551497663,34.29528195,0.735,78.94,790.19129333076,3,1,1,4,30,0.783594951453005,4,0.13,81.4,27,0.752134877639804,0.37352816344918,5.9,3,0.910202708206267,0.328243166208267,10.21,0.16213,0,0,71,95.6,84.2,68.9,0.066,100.0,790.2,0,0
"Thailand","THA",67.43,80.46,73.11,48.72,94.78,84.89,82.49,59.67,91.50,67.95,67.23,65.78,31.87,72.04,40.24,50.74,7.4,53,20.2863095935126,12.3,123.34086,56.5683783,97.9863768,92.9735036,0.723908096404749,100,5.22003186890299,37.589809978,4.90434668437972,3.5,3,3,36.2,96.66507,96.34034,94.2053,78.4495,1.07445,144.438719549621,34.89,40.07,20.90402,16.16063,0.089,14.0750794,37.433557818,11.52,86.08,409.538681170384,6,0,0,4,40,0.862286490972354,3,0.11,90.8,38,0.362102114982104,0.37104436056458,8.5,2,0.861355122811556,0.536542415618896,10.09,0.161,9,0.124048847682163,53,96.7,94.2,78.4,0.074,100.0,409.5,5,3
"Botswana","BWA",67.03,71.94,70.37,58.77,75.76,77.48,59.52,75.00,86.85,70.41,53.41,70.82,76.25,77.78,60.13,20.90,24.1,177,128.948764391419,43.6,555.30469,74.38744,92.2718988,63.432748,0.610630803989185,53.24,2.71957116582814,29.717906826,15.3858575025859,3,2,1,23.6,88.46493,91.02086,91.46883,72.60391,1.05639,167.297593872619,18.5,22.91,18.02378,20.90021,0.153,21.09153055,13.16548225,0.95,93.75,456.981648751674,3,1,2,4,70,0.850719512688637,4,0.05,74.9,63,0.712528671707339,0.249135036465051,5.4,4,0.813325690077213,0.146982535719872,8.71,0.32082,0,0,177,88.5,91.5,72.6,0.056,100.0,457.0,0,0
"Ukraine","UKR",66.43,81.23,64.29,53.78,97.99,89.04,76.84,61.05,96.97,70.49,45.27,44.44,57.43,49.82,43.38,64.47,5,8,24.4514138898491,9,69.30361,68.5586865,97.7819357,95.937863,0.331377503872575,100,4.62285244464874,0,4.31702606415344,4,4,3,13.5,99.76476,96.17551,102.30148,92.64923,0.98022,144.082158980983,43.4,39.1,17.99756,28.1537,0.205,22.52905159,65.016605045,14.1267,65.58,1027.45040379259,3,1,1,4,25,0.38072964835441,3,0.07,66.3,27,0.391960793301977,0.079951835723966,7,3,0.883372036067591,1.4962203502655,14.69,0.0359926,6,0.041308407905209,8,99,100.0,92.6,0.020,100.0,1027.5,3,1
"El Salvador","SLV",66.36,72.31,73.46,53.32,91.53,79.62,78.19,39.90,88.76,72.97,64.94,67.19,71.74,63.64,54.76,23.12,12.4,85,54.0802608372825,16.8,96.23056,78.1068851,86.5360664,74.9922425,0.549409753856967,93.7,4.90595390169244,21.899676103,39.7926054971397,5,5,3,21.1,88.38683,94.65581,101.31681,54.9999,0.99282,144.011578144013,29.7,23.66,21.82624,16.91213,0.213,9.643993857,24.040218704,1.0375,76.43,249.881674419597,2,1,2,4,35,0.722961699309546,4,0.17,77.9,39,0.548747895873735,0.357185118748871,6.3,4,0.78582549373595,0.214413404464722,9.21,0.30246,0,0,85,88.4,100.0,55.0,0.007,100.0,249.9,0,0
"Saudi Arabia","SAU",66.30,85.88,71.57,41.45,97.55,89.51,84.38,72.07,90.47,67.80,58.33,69.65,9.10,65.19,43.97,47.56,5,9,11.6142020562405,14.5,71.25039,66.6998198,97.0341105,100,0.401341057262436,97.69783,6.23480171047979,2.65434838,6.24268301675337,1,3,3,27.4,94.65114,96.41565,108.14994,108.4313,0.76473,179.55746363191,63.7,59.41,19.20801,16.6591,0.358,3.866843513,50.896224483,54.578,81.69,364.396595410113,7,0,0,0,40,0.818671133898113,1,0.04,49.9,52,0.737376237831072,,7.4,2,0.819027837589881,0.464804768562317,9.60999999999999,,8,0.157425855030633,9,94.7,100.0,100.0,0.235,100.0,364.4,5,3
"Belarus","BLR",66.18,87.34,65.57,45.64,99.16,95.38,81.15,73.67,97.30,71.03,43.44,50.49,14.21,58.10,50.21,60.06,5,8,4.25931368562706,4.6,28.29244,91.4847685,99.0595529,94.3238449,0.433467608546275,100,,0,3.63427079461849,2,3,3,13.7,99.7289,93.74106,104.49307,113.1576,0.98318,122.501138584571,59.02,47.98,18.2692,26.21095,0.118,36.13956505,68.862523414,7.18,73.06,646.017126750704,7,0,0,2,20,0.565082336378955,2,0.04,71,32,0.462885674928922,0.123543365949292,6.8,4,0.885947040785125,,14.86,0.0367781,2,0.086045001912755,8,99,100.0,100.0,0.017,100.0,646.0,2,2
"Armenia","ARM",66.05,85.26,69.26,43.63,96.35,96.39,75.78,72.52,88.60,75.35,51.16,61.91,39.73,48.16,39.96,46.68,5.8,41,25.3260597312415,14.1,45.036,99.3332256,100,89.4950839,0.33660594760559,100,4.76873763507565,15.19913809,2.01812654520393,2,3,3,18.3,99.7673,84.13556,97.4689,99.26142,1.17005,115.923210198426,46.3,28.43,16.90703,29.69831,0.193,7.853725178,56.607869673,11.4905,87.43,393.710250023099,5,1,1,2,20,0.498998865258534,2,0.08,41,35,0.519406537508347,0.022652775416561,5.4,2,0.709620523190708,0.883775413036346,13.1,0.03685,0,0,41,99,97.5,99.3,0.170,100.0,393.7,0,0
"Philippines","PHL",65.92,69.94,72.02,55.81,87.52,71.43,63.71,57.10,89.94,68.74,60.53,68.85,53.74,67.14,54.53,47.83,13.5,93,114.147673505123,28,226.42327,43.1286355,90.260738,73.934905,0.582299288950432,87.5,4.02860790252686,104.935982253,9.31299666293157,4,4,4,10.5,96.2892,95.9844,92.06591,77.28546,1.09835,111.218723380687,39.69,41.19,17.01759,27.85411,0.052,4.553737853,27.188079389,2.583,86.16,274.177675401288,3,1,1,3,30,0.9108054092033,4,0.05,53,35,0.622439261458347,0.569125714759953,8.3,3,0.850341879062803,0.699719429016113,11.82,0.115562,4,0.034508934735292,93,96.3,92.1,77.3,0.098,100.0,274.2,3,1
"Bosnia and Herzegovina","BIH",65.84,86.55,68.89,42.09,99.09,94.80,75.76,76.56,88.85,76.26,64.37,46.08,52.84,46.62,32.72,36.17,5,8,11.2507599244327,5.4,19.97177,87.2094131,99.9992611,94.7820814,0.355767096781901,100,4.26923084259033,0,1.21929823551838,2,3,2,17.7,98.47681,88.35268,92.1389,73.544388,,91.2789502884636,60.8,27.51,20.94254,17.54904,0.181,10.2355639,32.314682819,0,36.62,784.351036576674,4,1,1,4,20,0.582694419221515,4,0.17,25.8,38,0.443097400811003,0.083059911182529,7.1,2,0.648364620041461,,11.3,0.1250965,0,0,8,98.5,92.1,73.5,,91.3,784.4,0,0
"Dominican Republic","DOM",65.65,72.73,74.23,49.98,89.84,78.78,67.80,54.50,82.70,69.03,69.38,75.82,47.77,63.31,58.43,30.41,12.3,86,92.0765962439073,30.9,76.76522,72.1330325,81.8974634,83.9861493,0.468527691935037,98,2.5909422819563,19.438427019,22.0382527319898,3,4,3,29.3,91.79077,83.55201,86.67972,74.05803,1.10693,78.8638263591996,49.58,27.31,21.28386,14.77042,0.157,7.340410179,34.03429855,40.421,93.54,265.755586255092,3,1,1,2,25,0.845391028317933,4,0.27,83.1,33,0.566374556942554,0.281100759077637,5.8,4,0.883629493499959,0.364483118057251,11.12,0.22929,0,0,86,91.8,86.7,74.1,0.107,78.9,265.8,0,0
"Jordan","JOR",65.43,84.45,67.45,44.39,96.69,93.52,77.97,69.62,87.67,69.49,56.16,56.46,21.93,65.33,43.35,46.96,5,13,57.7010856226361,17.9,52.52913,91.0029962,92.2723035,98.6347428,0.249104766687481,99.5,5.26796741547523,0.06645571364,2.44542744552158,2,3,3,26.3,96.66592,87.52205,87.30351,77.88274,1.05058,147.803889024802,44,42.07,18.95136,19.76188,0.365,2.672093735,36.570584992,18.6,42.94,382.747210668825,6,0,0,1,60,0.757111646751824,2,0.07,57.9,53,0.518246268268027,,7.7,3,0.829295259798714,0.421348959207535,12.39,0.169017,2,0.159508202067639,13,96.7,87.3,77.9,0.051,100.0,382.7,2,3
"Bolivia","BOL",64.73,72.62,72.23,49.35,84.16,68.24,70.33,67.73,91.26,71.08,62.67,63.90,44.36,61.14,58.54,33.38,15.9,104,206.212856587239,38.4,226.18018,84.407841,75.5870961,50.3290574,0.343195147312648,90.5,4.41741971969604,30.732027642,12.0949749483761,3,3,2,23.2,95.65097,87.72727,99.89639,76.80592,0.99302,96.3372482776015,39.02,31.29,18.63562,18.29659,0.177,6.919334595,18.385171832,3.509,90.06,776.164802812389,3,1,1,2,10,0.869412235025712,4,0.15,50.4,34,0.646273898211125,0.387070730970227,6.5,4,0.818933060725824,0.821331083774567,9.85999999999999,0.24707,0,0,104,95.7,99.9,76.8,0.007,96.3,776.2,0,0
"Moldova","MDA",64.73,80.25,64.91,49.02,97.61,71.09,75.00,77.31,91.42,75.65,48.62,43.96,60.84,53.12,39.70,42.44,5,8,22.9095636379932,15.8,44.5115,53.9303684,81.3762944,76.4261697,0.288791131484646,100,4.38799194147378,0,5.02018530365408,2,3,2,12.5,99.3626,87.85464,86.66929,91.77323,1.01294,107.995221559031,46.6,27.85,17.30186,26.48558,0.216,15.83822445,69.648165398,14,53.23,792.989689319074,3,1,1,4,40,0.539611477093698,3,0.11,59.1,33,0.472658113282141,0.058140958878942,6.5,2,0.795914490305895,0.55824077129364,13.8,0.0732865,0,0,8,99,86.7,91.8,0.013,100.0,793.0,0,0
"Lebanon","LBN",64.42,76.03,73.23,43.99,97.90,86.94,62.34,56.95,83.46,77.08,70.08,62.28,39.37,54.92,34.14,47.54,5,29,14.9252250648105,8.3,30.45549,77.1184797,98.9511374,80.6697332,0.258751664423304,100,1.62516444885369,0.01070743233,4.6802933225494,3,5,3,22.6,93.94225,86.5873,79.11543,57.91796,1.00527,88.3477845166066,74.7,31.81,22.67539,12.38649,0.277,2.934578841,42.964261552,54.7014492753624,43.86,330.771560754901,5,0,1,4,20,0.583870756881258,3,0.03,53.5,28,0.495450850521252,0.119387623742917,8.6,2,0.737269392397417,,11.39,0.24053,3,0.122762651012867,29,93.9,79.1,57.9,0.005,88.3,330.8,3,3
"Russia","RUS",64.19,79.31,69.27,44.00,97.88,83.43,77.78,58.15,97.63,75.12,39.08,65.25,8.00,56.40,34.22,77.39,5,8,24.6159203834392,9.6,73.77642,87.3666461,91.2457751,72.2243087,0.339901847541629,100,4.80061949728458,0,9.00034774704417,3,4,4,18.9,99.72078,96.14569,97.2418,102.25355,0.98518,155.144239024479,70.52,44.97,17.3679,29.86044,0.228,28.34389856,51.165908898,72.668,73.7,695.805702257711,6,0,0,0,20,0.617066377117097,1,0.08,71.2,29,0.467970859171934,0.125092503627929,9.3,1,0.907210209365935,1.93279004096985,14.67,0.02299,21,0.045921428640692,8,99,97.2,100.0,0.015,100.0,695.8,7,1
"Kazakhstan","KAZ",63.86,81.15,59.14,51.30,97.45,81.96,76.35,68.85,94.17,67.86,31.55,42.97,29.96,61.64,49.57,64.02,5,18,11.9523419207225,14.1,55.27089,61.3749413,85.5765167,97.5411031,0.463356311370016,100,4.62684901101249,25.531351481,7.82003828053657,2,3,3,24.2,99.79017,86.33156,111.54279,103.3055,1.03462,172.191305313377,54.89,53.46,16.13593,33.89241,0.222,34.4380625,74.424184246,15.6,53.45,805.548267430236,6,1,0,2,30,0.706484315064647,2,0.05,73.3,28,0.43804830478806,0.103706417719925,7,4,0.911657656973025,0.863379538059235,13.93,0.05874,9,0.121750329960071,18,99,100.0,100.0,0.035,100.0,805.5,5,3
"Azerbaijan","AZE",63.75,82.09,69.32,39.82,95.55,76.99,80.52,75.31,95.88,67.50,60.16,53.76,14.21,49.05,44.14,51.87,5,12,25.0685972600395,31.7,70.84092,66.1942892,77.7506279,89.3490717,0.586763932204796,100,4.89702119973063,20.171391657,2.35884777193079,2,3,3,10,99.81078,95.1785,89.05687,135.03198,0.99353,110.905363353238,61,58.41,18.88105,23.31604,0.204,3.516977292,72.142134181,9.7298,75.83,469.463109829172,7,0,0,2,20,0.688035672944719,1,0.08,30.9,29,0.56408678591498,0.025251920091954,6.4,3,0.765483119555332,,13.16,0.083,3,0.118960496619772,12,99,89.1,100.0,0.006,100.0,469.5,2,3
"Nicaragua","NIC",63.03,71.72,71.15,46.22,87.41,66.16,66.24,67.08,81.87,68.24,63.26,71.22,40.54,59.16,58.62,26.55,16.6,122,149.772233557582,22.1,75.15044,66.3154059,69.4027903,67.9008585,0.469735997024814,77.9,3.95134927431742,43.874602416,11.3329048523544,3,3,3,15.3,82.81734,96.9525,84.69859,58.31425,1.12814,114.565599263057,17.6,27.94,21.13286,19.41887,0.21,8.001431735,5.560903758,0,93.72,530.893184028176,4,0,1,4,10,0.803803784971589,3,0.3,87,27,0.611951784558888,0.426554841839394,6.5,4,0.824392524150439,0.498235911130905,9.04,0.2949004,0,0,122,82.8,84.7,58.3,0.128,100.0,530.9,0,0
"Kyrgyzstan","KGZ",62.91,75.90,64.25,48.58,94.72,79.99,64.42,64.47,92.38,69.90,51.43,43.31,44.56,61.10,44.57,44.09,6,40,75.5075241756484,21.3,65.80179,58.1857052,86.2193251,93.2840289,0.625147927059729,100,2.92807340417245,89.577622369,5.37454767999458,3.5,3,3,22,99.52097,89.68837,94.55812,82.09514,1.00861,134.460868104352,28.3,30.69,17.41422,28.54902,0.155,13.19075457,84.820042072,4.2,79.8,934.896199975142,5,1,1,3,20,0.789271888283018,2,0.08,65,28,0.587286373070271,0.112245726596425,8.4,3,0.8554838318427,0.625321269035339,13.79,0.0501723,0,0,40,99,94.6,82.1,0.009,100.0,934.9,0,0
"Mongolia","MNG",62.80,64.94,64.69,58.77,86.24,47.29,51.70,74.52,94.15,71.67,42.27,50.66,74.06,63.27,53.85,43.90,20.5,156,43.9546879625301,22.4,82.75971,24.3518243,59.2103975,59.7165974,0.224345709937051,89.76256,3.70555555820465,141.146804937,7.45245019201492,3,2,2,21,98.38402,94.94516,95.03449,85.43802,1.02504,105.060985661559,27,25.25,16.28103,31.98541,0.154,22.91928581,23.092219849,3.3,83.56,1417.03190578804,1,1,2,4,30,0.635252665030695,3,0.04,71.4,39,0.368010229533994,0.086710291247599,4.3,4,0.900862710500616,0.956946909427643,12.06,0.09435,0,0,156,98.4,95.0,85.4,0.025,100.0,1417.0,0,0
"Venezuela","VEN",62.60,68.39,75.14,44.27,96.58,84.20,62.32,30.45,90.43,72.99,68.69,68.44,27.37,49.80,55.55,44.36,5,9,95.3956074766472,14.9,58.18732,86.258582,77.8698096,94.4469225,0.191456861860048,100,1.92680475711823,0.4157261388,53.6196757466877,5,5,3,37.2,95.36245,90.66394,99.10604,80.22428,1.07612,98.9520034832843,57,40.61,23.05928,15.65433,0.183,9.858677017,27.338074909,10.86,95.73,537.205907742262,5,0,0,4,5,0.498625700185877,3,0.17,77.8,17,0.476758116394871,0.405685374305545,7.3,4,0.906085930944165,0.408846586942673,11.5,0.17581,5,0.060159459944485,9,95.4,99.1,80.2,0.076,99.0,537.2,3,2
"Indonesia","IDN",62.27,72.68,69.72,44.41,91.49,56.34,72.81,70.09,88.65,63.17,65.02,62.03,48.60,61.80,29.57,37.67,7.6,51,126.18626292044,27.2,162.3835,21.8299848,79.4838902,60.827153,0.717327541634666,96,4.12776580059782,70.129763955,0.554136029343014,3,3,3,15.3,93.88262,90.15294,90.31974,74.23992,0.97016,128.784434076759,17.14,40.75,17.80251,23.12596,0.069,2.963908877,44.370211061,0.02,81.62,348.038856945496,2,1,0,3,30,0.739878140389048,1,0.14,79.7,36,0.300789029884954,0.034496050282932,7.3,1,0.805377819105568,0.261404484510422,9.56,0.2081128,9,0.045196704888569,51,93.9,90.3,74.2,0.030,100.0,348.0,4,1
"Sri Lanka","LKA",62.21,75.40,68.61,42.61,86.05,77.90,68.65,69.01,95.90,57.83,54.34,66.38,29.11,67.12,32.85,41.34,22,192,30.2935960232228,9.8,75.49694,33.5883633,94.9523972,95.1130681,0.48646409710662,88.66256,4.92679652175322,83.230635863,2.79079861968474,2,3,4,17.4,92.63448,97.17662,99.68429,99.06412,1.0459,103.157848107611,25.8,60.28,20.19744,17.63822,0.052,37.22679064,35.409734791,0,81.98,214.310532011221,4,0,0,2,40,0.873877685798605,2,0.09,70.9,37,0.55227379316811,0.028364402520675,9.3,1,0.860281678893719,0.524654924869537,11.6,0.12786,1,0.046120926556045,192,92.6,99.7,99.1,0.046,100.0,214.3,1,1
"China","CHN",62.10,79.31,67.96,39.03,94.47,81.70,76.72,64.35,95.41,55.90,67.66,52.86,4.55,70.90,34.16,46.53,9.3,74,26.6850510120549,10.7,41.44481,73.067262,92.9685707,76.4658715,0.560834174175149,100,5.34435160455625,64.61790969,0.821107797808966,2,4,4,18.8,96.37548,,106.81491,87.16365,1.01778,92.2734908227189,49.3,73.55,19.44975,19.38787,0.044,9.077763135,71.28578523,27.9342,77.45,755.436014413959,7,0,0,0,20,0.762809402394348,1,0.02,94.6,37,0.400632724530026,0.136790519073549,8.3,2,0.776582843922696,0.175019830465317,9.82,,46,0.043409210974416,74,96.4,100.0,87.2,0.018,92.3,755.4,9,1
"Namibia","NAM",62.01,61.75,66.14,58.14,65.26,57.99,57.74,65.99,74.53,73.50,50.11,66.42,80.63,75.38,53.52,23.02,42.3,325,264.737645843822,45.4,356.60063,50.6680823,84.6499855,34.3905834,0.376990738925207,47.26256,5.36424386156233,93.121547849,17.4646311041684,3,3,2,23.9,81.94129,89.7437,82.50605,36.21968,1.15734,113.756245772977,14.84,12.5,18.70312,20.04359,0.136,31.38900048,20.623128726,6.25,95.74,708.775125227574,2,2,2,4,30,0.846826531671155,4,0.05,76.3,53,0.593531500955472,0.231711216097632,5.9,4,0.758846458873507,0.058291610330343,9.79,0.27765,0,0,325,81.9,82.5,36.2,0.157,100.0,708.8,0,0
"Morocco","MAR",61.92,78.09,69.89,37.80,93.37,66.47,79.81,72.69,80.89,73.86,55.53,69.27,30.49,58.88,41.78,20.05,5,31,121.317277966449,27.6,131.50182,63.8488669,65.3102503,76.710707,0.342688495121799,100,5.38271152802876,4.820260458,1.32333890510144,3,2,3,20.8,72.37732,98.42964,94.80046,54.50097,0.85419,131.71305603822,56.8,39.19,17.8917,22.82882,0.196,10.86134488,29.816202686,5.4,91.1,318.758993529963,5,0,0,3,40,0.61550736406473,2,0.11,74.5,36,0.52415258393435,0.072069805059373,7.1,4,0.651466208744074,0.366627424955368,4.84,0.458,1,0.072413971272089,31,72.4,94.8,54.5,0.146,100.0,318.8,1,2
"Guatemala","GTM",61.68,71.30,69.60,44.14,86.96,77.91,74.63,45.70,75.72,65.86,67.54,69.27,52.84,60.22,48.85,14.64,15.6,101,87.8702237778424,29.1,212.72109,84.6345829,86.8187041,63.85466,0.578712341218584,78.5,5.41272971585112,45.723858173,34.5742477681431,5,5,2,19,79.3053,86.40513,68.73578,55.39377,0.93883,106.633770318935,23.4,37.92,21.49681,13.53943,0.146,13.76301363,23.196007482,6.8,78.02,220.41394231043,4,1,1,4,20,0.847358531527628,4,0.2,64.1,28,0.482942196958455,0.295323513606327,7.9,4,0.815636371950181,0.00099367799703,6.65,0.36212,0,0,101,79.3,68.7,55.4,0.061,100.0,220.4,0,0
"Algeria","DZA",61.18,79.58,69.54,34.41,94.12,81.25,73.24,69.71,87.97,62.47,61.36,66.37,13.97,59.81,39.46,24.41,5,20,139.620784294601,25.5,97.79232,77.0095752,81.799891,87.5958003,0.289883950188062,100,4.02130918564574,1.498457946,1.25024950646898,2,4,2,23.8,80.19891,97.26243,132.01042,62.72114,1.03655,92.9479307330594,18.09,36.63,17.8669,22.06388,0.18,2.291277476,34.502669012,45.0933333319,61.62,380.963345467116,6,0,0,1,25,0.562599472120725,2,0.02,70.9,36,0.486528407934486,0.20578399626016,8.2,2,0.818189439947135,0.455392330884933,7.74,,0,0,20,80.2,100.0,62.7,0.037,92.9,381.0,0,0
"Egypt","EGY",60.74,82.07,65.49,34.66,96.18,97.63,71.80,62.67,89.67,63.23,50.34,58.73,12.83,59.08,27.42,39.32,5,12,33.0396336449999,24,74.34568,99.3436934,98.9898282,94.7206705,0.33905062659158,100,3.45082893147565,0.5251374903,3.41785383035147,4,3,4,12.8,75.23647,99.8893,99.9382,71.99139,0.98272,114.305985751523,31.7,50.17,17.53399,24.50326,0.377,2.780704562,70.570428763,28.35,72.75,334.085991528213,6,0,0,1,20,0.648561975398038,1,0.14,80.3,36,0.409237975994912,,8.7,1,0.729202402158678,0.405954033136368,9.06,0.409,6,0.381823157544636,12,75.2,99.9,72.0,0.017,100.0,334.1,4,4
"Honduras","HND",60.64,66.20,69.01,46.70,90.02,84.17,61.84,28.78,79.06,61.91,69.01,66.07,63.70,52.11,48.11,22.87,12.2,85,129.312473760165,20.4,117.53191,90.293684,83.7601763,82.6466595,0.424702709521889,82.2,3.96573659164646,82.723877115,84.2927313738229,5,5,3,17.4,88.48381,94.00923,73.03624,61.43549,1.16688,93.5156364150515,19.08,39.27,22.06765,15.72406,0.181,6.83948343,19.072783647,1.78,86.89,564.068223494885,4,1,2,4,30,0.529396979454894,4,0.25,76.5,31,0.385771761100285,0.275663138993398,6.4,4,0.769486894445854,0.149594649672508,8.58,0.2641244,0,0,85,88.5,73.0,61.4,0.167,93.5,564.1,0,0
"Uzbekistan","UZB",60.49,83.09,57.10,41.27,93.91,76.77,90.92,70.76,96.69,54.26,51.37,26.09,3.41,68.13,53.55,40.00,5,29,35.9338210342834,39.1,85.77182,47.3717095,80.9064671,100,0.917076049843544,100,,30.568596565,3.26396174618255,3,3,3,11.2,99.59366,91.91436,98.94101,136.21934,0.99101,78.4213563071954,43.55,61.14,16.98007,31.03204,0.137,10.45263522,89.896220986,0,56.18,1706.54608459753,7,0,0,0,15,0.977745720752299,1,0.05,79.3,19,0.676741852128717,,7.6,3,0.96822524003408,,12.97,0.01423,0,0,29,99,98.9,100.0,0.009,78.4,1500.0,0,0
"Ghana","GHA",60.37,60.41,68.59,52.12,83.90,42.64,45.51,69.58,80.70,73.38,61.00,59.30,73.77,62.20,48.75,23.76,5,19,319.476073113483,61.6,475.96407,18.8796475,84.0458594,14.8710577,0.389230105821801,64.06256,2.20613477291838,114.478397433,1.70970545101894,3,3,2,26.2,76.57281,91.11411,89.77901,51.04476,0.94869,114.819478940048,18.9,15.5,17.25105,20.28288,0.112,9.202309946,59.790656773,1.1854838709,80.79,293.802473693827,1,1,2,3,50,0.829044623853561,4,0.09,36.2,47,0.627928624659253,0.085420034144385,4.6,3,0.686718124699264,0.11766391992569,7.12,0.3674153,1,0.091502504090595,19,76.6,89.8,51.0,0.051,100.0,293.8,1,2
"Iran","IRN",59.45,82.17,66.44,29.73,96.68,90.96,77.68,63.35,94.00,52.24,64.88,54.65,5.73,49.65,25.03,38.51,5,31,25.1679794646011,15.5,56.21823,92.1757488,92.1244889,90.0043834,0.306325001405886,100,5.01570901664899,3.382175957,4.77225648812534,2,3,4,32.1,86.84683,99.23806,99.95622,82.94784,0.98913,87.7927311076041,39.35,72.32,19.9134,17.28565,0.215,4.286650088,43.433406759,3.73,64.16,576.283267238308,6,0,0,0,10,0.57386240160981,1,0.21,71.6,27,0.460529506793603,,8.5,2,0.563679697179867,0.809788346290588,9.89,0.37345,8,0.025234206957548,31,86.8,100.0,82.9,0.011,87.8,576.3,4,1
"Tajikistan","TJK",58.78,69.72,65.37,41.25,76.15,67.88,68.18,66.68,90.70,63.27,56.40,51.12,32.46,55.24,41.04,36.25,33.2,250,31.9818019108868,44.8,147.74074,44.7669233,66.7177797,95.0279569,0.662842903756197,100,3.15269744143342,72.230311767,1.46219658091676,3.5,3,3,18.8,99.77334,97.33356,97.4399,68.01505,0.89888,95.1260603735521,17.49,36.19,17.44905,28.76056,0.132,5.659777816,74.724208653,2.25,74.2,489.260263466609,7,0,1,4,20,0.793099749501516,1,0.13,54.5,26,0.459986291795155,0.011198636004553,7.3,3,0.826416679640065,0.260324239730835,11.78,0.0654325,0,0,250,99,97.4,68.0,0.101,95.1,489.3,0,0
"Nepal","NPL",57.40,69.53,60.67,42.00,87.85,57.73,55.36,77.18,79.16,59.33,51.52,52.66,53.74,51.57,53.04,9.64,7.8,51,258.414286194459,35.8,251.77743,24.0766264,91.7715798,45.793182,0.747073453839478,76.3,1.94211222179775,103.079816199,2.87407094219094,3,2,2,17,64.66379,96.88675,90.40701,49.69026,1.07293,81.8660533115416,15.44,32.71,17.07327,21.62199,0.024,31.698794,62.170136395,0,76.59,588.47916851384,3,1,1,3,30,0.731752480054835,3,0.29,62.9,27,0.777050800209615,0.760227198112944,9.1,2,0.744846316570348,0.113578364253044,3.6,0.4137719,0,0,51,64.7,90.4,49.7,0.073,81.9,588.5,0,0
"Senegal","SEN",55.64,65.31,58.60,43.01,81.02,54.97,53.05,72.19,52.17,67.91,61.38,52.92,64.29,51.44,48.81,7.49,10,63,315.110328930896,47.2,587.66146,53.1370416,67.3301999,47.5924349,0.557765973123094,56.5,3.11964918688724,96.981196438,8.06245736028299,3,2,2,27.2,55.66825,71.12015,39.01792,16.32729,0.91347,98.8421774805919,17.7,27.77,16.21535,16.71734,0.163,6.367218739,70.474164763,0.5,93.36,726.072744519675,2,1,1,4,40,0.716237120496766,4,0.25,34.8,44,0.834291251986638,0.00986706662688,6.3,3,0.70029268375833,0.098195508122444,3.11,0.4474737,0,0,63,55.7,39.0,16.3,0.087,98.8,726.1,0,0
"Cambodia","KHM",54.28,59.14,64.23,39.46,86.48,45.44,44.26,60.39,69.90,61.01,72.76,53.26,38.49,63.52,38.44,17.38,14.2,97,160.537972305105,28.7,227.49536,21.4308436,69.1359691,42.4289467,0.772665319452025,31.1,3.10917859305242,155.892957635,1.83710198811526,4,4,3,17.4,77.18598,94.70745,60.60908,28.63315,0.85457,132.733798148657,9,40.99,23.81068,17.67136,0.021,14.71824418,70.054706295,0,88.15,623.150523397381,6,1,0,4,25,0.951542418391747,4,0.11,57.5,21,0.177519967595445,0.26019411648992,7.4,4,0.72861025900519,0.099966272711754,5.69,0.283292,0,0,97,77.2,60.6,28.6,0.145,100.0,623.2,0,0
"India","IND",53.92,64.66,58.59,38.51,83.38,57.24,57.49,60.53,80.23,54.33,51.78,48.03,39.43,56.42,24.91,33.28,15.2,109,174.331136955361,47.7,252.98455,28.1838107,92.6481063,39.6266218,0.565569197477353,78.7,3.70964306568939,125.849473901,3.34169678462331,3,4,4,16.6,72.13095,89.5043,85.20203,56.36434,1.00922,74.4837699065089,18,40.49,16.95337,26.24936,0.039,23.72302229,75.90804734,2.2464,63.42,490.651101875833,2,0,0,2,55,0.748651328736234,2,0.28,71.8,38,0.365799612551461,0.209338488132509,8.3,1,0.599245168826953,0.334741026163101,5.79,0.42112,19,0.05168805757275,109,72.1,85.2,56.4,0.009,74.5,490.7,7,2
"Kenya","KEN",53.72,52.40,67.96,40.79,71.50,35.81,50.91,51.39,80.00,63.81,62.38,65.65,32.03,61.53,34.28,35.31,21.2,135,509.517844162799,49.4,657.47542,21.6927722,56.839584,30.1098533,0.631748119985955,23,3.72796370752396,84.150183908,6.60044595621839,4,4,4,29.1,77.96503,84.87439,97.33108,52.32672,0.92981,73.8432480759004,43.4,32.07,17.65238,18.11377,0.11,10.61683305,21.59298281,3.2,84.09,524.19645161006,4,1,0,1,30,0.789230116421815,3,0.13,73.7,25,0.656249990719159,0.075766500522793,9,1,0.776005747760522,0.276257306337357,9.14,0.2601787,1,0.161052011215421,135,78.0,97.3,52.3,0.070,73.8,524.2,1,3
"Malawi","MWI",53.44,54.62,57.82,47.87,67.08,50.52,34.37,66.50,66.12,41.94,61.20,62.01,79.45,59.24,38.20,14.59,20.7,139,634.122448232324,64,777.64811,7.9307989,89.1141802,41.0033749,0.346463751147581,9.8,2.67397503202612,113.12685856,1.786799056262,3,3,2,35,65.79427,97.48386,47.31851,22.424,0.90595,33.4688086334041,5.83,26.41,16.33852,18.74127,0.047,13.77911545,20.295025445,0,93.35,880.184028379641,3,2,2,4,40,0.800413847147271,4,0.26,72.5,31,0.470455885566881,0.023773184299717,5.4,4,0.494381630551757,0.010488729923964,4.98,0.3020141,0,0,139,65.8,47.3,22.4,0.094,33.5,880.2,0,0
"Bangladesh","BGD",52.73,65.53,60.15,32.52,83.96,56.99,50.83,70.34,72.07,53.23,67.32,47.99,33.15,46.62,32.39,17.94,16.4,116,176.137551188271,37.6,234.63908,11.7807318,87.0333053,60.558993,0.664942450079124,59.6,2.69222486813863,123.29911758,2.79211139598854,2,3,4,13.6,61.54588,89.96452,76.12434,44.69487,1.08179,80.0353505087956,9.6,42.95,18.35459,17.52245,0.036,9.991770295,82.839908689,0,63.77,376.069882250782,4,0,1,2,20,0.745053976355508,2,0.46,74.3,25,0.642228090752874,0.239851167985663,8.4,1,0.597971376625347,0.160039231181145,5.09,0.3855827,1,0.018326380700578,116,61.5,76.1,44.7,0.082,80.0,376.1,1,1
"Laos","LAO",52.54,65.84,56.93,34.85,78.61,56.74,51.93,76.07,76.20,38.80,57.36,55.35,13.07,58.15,50.87,17.30,18.5,128,197.398732666493,66.7,328.74779,28.3697824,69.3761822,70.8865625,0.437591422198787,70,4.70910174281974,172.14486635,7.23430597267832,2,3,2,14.3,79.8604,95.12423,71.30884,39.11811,0.91228,66.9933325577907,14.26,71.25,17.09779,24.18693,0.056,15.047163,80.827856808,0,90.23,373.503897856848,7,0,0,2,15,0.869158349635346,2,0.2,64.7,25,0.625736287153169,0.407271257923632,6.3,3,0.690784409561979,0.221731796860695,6.11,0.34063,0,0,128,79.9,71.3,39.1,0.088,67.0,373.5,0,0
"Lesotho","LSO",52.39,53.44,51.56,52.17,67.69,45.32,41.98,58.76,60.05,61.02,37.92,47.23,67.16,61.86,54.72,24.94,11.2,76,487.171775023646,90.2,1110.4865,22.2700079,76.9647362,30.2696173,0.37527973563546,20.56256,3.69930674846356,112.350823157,38.0303655544444,3,3,2,28.2,79.36094,80.24722,62.23156,37.29254,1.37031,85.0224861752811,11,28.36,16.19046,23.87699,0.204,37.17624615,41.24687,0.3,26.17,423.072829119086,3,1,2,4,30,0.617836204570079,4,0.15,75.5,44,0.44470905971677,0.182291984434692,4.4,4,0.822656381706554,0.055827602744103,10.24,0.243,0,0,76,79.4,62.2,37.3,0.370,85.0,423.1,0,0
"Iraq","IRQ",52.28,70.41,55.06,31.37,83.43,74.70,81.63,41.88,69.18,57.15,52.30,41.62,19.20,45.13,25.13,36.03,22.8,185,49.598562537472,32,86.96357,75.1566834,70.1335881,85.6108875,0.463113544252737,100,,2.474427831,7.96656895176192,5,5,5,20.2,79.6875,92.3117,66.21484,39.76008,0.74856,94.9127867973207,11.3,47.76,17.64196,23.71483,0.319,5.138262563,72.509808888,9.69296024065,34.64,554.017613429442,5,0,0,1,,0.594510784214193,2,0.19,54.3,16,0.519490912709137,0.095090088634024,10,1,0.677689662551775,0.632995843887329,7.88,0.3063102,1,0.160018168638858,185,79.7,66.2,39.8,0.251,94.9,554.0,1,3
"Rwanda","RWA",51.91,57.26,59.25,39.21,71.38,49.64,44.92,63.12,68.82,42.47,66.90,58.81,28.52,72.82,39.29,16.19,31.6,232,290.200606403815,41.7,401.70498,9.1976146,71.8957441,61.6448175,0.547801656029831,18,4.03215267677789,122.648663962,4.61393711683559,3,3,3,32.1,70.51592,96.12131,47.91715,31.3835,1.07419,64.0246911396805,10.6,56.57,18.08957,19.10225,0.03,8.55911166,42.697883717,0,71.26,404.485018446965,6,0,1,2,30,0.903765520475758,2,0.04,64.2,54,0.558112767588186,0.073225194566819,8.8,4,0.676991112494294,0.059555623680353,5.48,0.2941586,0,0,232,70.5,47.9,31.4,0.074,64.0,404.5,0,0
"Swaziland","SWZ",51.76,58.08,56.33,40.87,65.58,54.56,49.88,62.29,76.04,53.24,39.77,56.25,18.76,64.74,56.09,23.91,26.8,192,389.054962307341,60.7,884.32522,37.2763841,68.8599119,57.4674509,0.550040813431009,42,3.97489924430847,125.808577969,17.4328750498681,3,3,3,24.2,87.47019,78.50708,72.58351,48.82976,0.9819,72.3197213229587,27.1,47.28,16.88085,21.3761,0.231,36.54563481,40.480148456,3.7,52.93,340.984819603356,7,0,0,2,40,0.606764716964349,4,0.07,77.3,43,0.547975675946334,0.17979657600278,3.7,3,0.837149746360441,0.077810235321522,10,0.2681536,0,0,192,87.5,72.6,48.8,0.018,72.3,341.0,0,0
"Uganda","UGA",50.69,52.13,60.21,39.72,70.02,36.43,38.98,63.10,61.12,49.75,67.25,62.73,38.49,51.43,38.79,30.15,25.5,172,343.133206749402,54.6,696.73532,5.0231032,75.8429033,19.0777634,0.436001939910076,18.16256,3.06997762418562,119.563474036,10.5246917079519,3,3,3,27.4,73.8633,93.65028,31.41064,14.12696,0.87066,52.4292396291441,17.71,31.65,16.595,21.15726,0.043,0.424138968,42.738433467,0.42,93.61,523.168237099591,6,1,0,4,25,0.819671088689269,3,0.23,43.3,25,0.572294345393342,0.121782625755693,8.7,2,0.818693048802435,0.082158237695694,6.16,0.2937211,1,0.276235482236039,172,73.9,31.4,14.1,0.129,52.4,523.2,1,4
"Benin","BEN",50.03,53.35,58.26,38.47,76.04,38.41,35.89,63.05,58.02,64.48,58.13,52.41,52.36,47.59,46.42,7.52,7.5,48,404.943248545751,99.5,577.327,17.7156201,72.1466618,19.7189055,0.381329550320722,38.4,1.72307693958282,126.521786916,6.32844972542389,3,4,2,27.7,38.44714,95.86662,67.56271,34.79877,0.67668,99.6522197724235,5.3,29.24,15.5772,22.0665,0.101,8.8765677,59.697840573,0.0084,77.29,650.828741291769,2,1,1,2,30,0.712910610391171,4,0.22,21.9,37,0.664401730046281,0.106352235648073,3.9,4,0.431182605548031,0.148242875933647,2.73,0.4479226,0,0,48,38.4,67.6,34.8,0.323,99.7,650.8,0,0
"Tanzania","TZA",49.99,47.13,60.95,41.90,66.84,23.35,36.47,61.84,61.14,51.57,64.31,66.79,48.84,54.01,39.04,25.70,32.1,238,398.132838901218,48.7,584.19211,12.5945644,45.549329,15.5503829,0.314102704501918,15.3,2.60624996423721,98.351246134,8.19391157005531,3,3,3,32.9,80.32054,80.89861,42.84153,9.00075,0.91493,62.7743323400015,4.86,28.09,17.69364,16.10871,0.104,10.22435841,16.897559949,1.44,94.34,665.780725277018,3,1,0,4,25,0.752177444721029,3,0.2,52.7,30,0.516813002178283,0.054069405823942,5.7,1,0.789595452093581,0.02885277941823,7.06,0.2849972,1,0.099335279473279,238,80.3,42.8,9.0,0.085,62.8,665.8,1,2
"Myanmar","MMR",49.84,63.11,55.94,30.47,82.89,56.36,47.04,66.14,77.87,42.33,61.39,42.16,5.73,60.47,29.11,26.56,14.2,103,178.499520528152,50,316.44449,8.1624171,74.3998151,79.5544837,0.665461101958782,52.36256,2.7249919295311,142.462320838,2.51779097913506,2.5,3,4,20.3,93.09415,94.52788,59.43709,34.24688,1.0258,54.0392872102992,2.1,42.08,16.58318,24.34979,0.065,5.344297944,68.616683972,0,57.74,,6,0,0,0,10,0.794447385944153,1,0.07,71.1,22,0.322400389649901,0.206507209520862,9.7,2,0.752064312381745,0.341707676649094,7.74,0.1944,0,0,103,93.1,59.4,34.2,0.026,54.0,,0,0
"Congo, Republic of","COG",49.74,45.88,64.19,39.16,67.31,23.96,37.42,54.83,72.01,63.62,57.62,63.51,33.64,51.76,47.28,23.97,30.5,206,441.996797333395,45,666.92172,24.7704523,40.0413811,15.0092847,0.388629725875512,41.6,,141.878938469,10.5417100262817,4,4,3,26.4,79.31117,91.38398,65.39075,38.28019,0.86638,108.149574188884,7.11,33,17.2298,19.8223,0.105,16.56968933,53.429203801,0.18,93.26,314.379749498423,6,0,1,4,10,0.837896629661594,4,0.2,35.2,23,0.71046175217685,0.05873332091614,6.6,4,0.642136145435915,0.055758304893971,8.85,0.2152094,0,0,206,79.3,65.4,38.3,0.134,100.0,314.4,0,0
"Burkina Faso","BFA",49.34,51.77,53.46,42.80,68.50,37.45,34.55,66.60,45.06,57.61,56.60,54.55,65.14,46.07,53.20,6.79,20.7,167,370.620521180288,88.6,648.21691,7.9945966,75.8308342,19.7318113,0.458757251005945,13.1,1.69483464469107,99.984627022,0.720528853263854,3.5,3,2,30,36.02263,67.45066,41.88125,12.90781,0.87201,71.737469513534,9.4,23.79,15.11888,23.79954,0.063,11.38910589,50.987164117,0,88.05,814.885482425647,4,2,1,4,30,0.645948837663793,4,0.32,39.3,38,0.800674062132164,0.105368151808056,5,3,0.703363602719612,,1.86,0.386481,0,0,167,36.0,41.9,12.9,0.128,71.7,814.9,0,0
"Pakistan","PAK",49.13,62.81,53.87,30.70,75.16,66.69,56.76,52.64,55.37,48.99,62.05,49.07,35.43,49.94,18.86,18.58,22,172,177.944757129607,81.1,296.02472,38.8334454,89.9098204,63.5030756,0.554655930410906,93.6,2.06566845669466,98.580381324,7.75021188981147,4,4,5,14.2,58.68314,72.9792,55.85644,31.0551,0.79052,73.3321910549828,13.8,50.46,17.44965,20.5104,0.143,4.960471021,82.749745593,0.1,70.04,411.859003243159,4,0,1,2,30,0.586546270385831,2,0.11,47.3,30,0.486362910320711,0.02725681712974,10,1,0.561720148577635,0.194866925477982,4.26,0.4439953,6,0.04074953089615,172,58.7,55.9,31.1,0.209,73.3,411.9,3,1
"Zimbabwe","ZWE",49.11,51.29,62.33,33.72,61.46,44.43,47.02,52.26,75.98,57.58,56.25,59.49,14.01,53.84,39.90,27.14,33.4,259,443.313824270105,70.7,711.2803,27.5065529,67.3031511,36.8312138,0.624534321180567,40.46256,1.92456964497664,83.213922802,7.53080425547514,3.5,5,3,28.2,86.50256,88.71687,67.05403,36.23769,0.96892,80.8164213071495,19.89,39.19,18.19472,19.31859,0.112,21.61805278,20.312429918,0,94.31,1050.12401832188,5,0,0,1,10,0.659720840686935,3,0.26,83.7,21,0.561281757548629,0.062694138946976,7.8,3,0.726490756021165,0.028899135068059,10.2,0.1739521,0,0,259,86.5,67.1,36.2,0.031,80.8,1050.1,0,0
"Togo","TGO",49.03,50.19,56.53,40.38,75.28,19.50,38.45,67.53,58.66,52.28,62.66,52.51,50.28,51.98,47.68,11.59,11.4,75,368.243687876715,78.4,681.84325,5.4672444,44.2149449,11.6186388,0.349611684735838,31.46256,,115.051140818,9.41176462769938,3,3,1.5,31.1,66.5473,91.16781,67.82578,35.78832,0.52893,64.5782415142386,5.7,28.5,16.56292,20.21439,0.075,7.471743624,51.351133232,0,71.34,668.989156736938,4,1,1,3,30,0.729239504774346,4,0.16,34.1,32,0.746444354460697,0.062465987616522,4.5,4,0.474242708186005,0.126638770103455,4.19,0.3887913,0,0,75,66.5,67.8,35.8,0.471,64.6,669.0,0,0
"Cte d'Ivoire","CIV",48.97,54.24,57.37,35.31,67.03,44.55,50.32,55.07,47.68,66.51,57.29,58.00,35.43,49.80,46.65,9.34,13.3,93,644.990144289271,92.6,861.31661,42.5263077,68.785491,22.4895615,0.474037816358459,55.8,3.86654144982872,132.790307362,12.4367206311484,4,4,3,24.2,43.11306,74.67928,49.61966,26.0704,0.70649,106.247609322745,14.6,30.45,15.58858,23.30033,0.087,10.00669174,60.358646791,0.55,90.88,519.867747856331,4,0,1,2,30,0.780227306374387,4,0.25,32.7,32,0.832484335646048,0.030363190753792,8.7,4,0.700782178898439,0.172945365309715,3.87,0.4511142,0,0,93,43.1,49.6,26.1,0.294,100.0,519.9,0,0
"Mozambique","MOZ",47.96,45.50,58.76,39.62,62.06,19.95,41.17,58.83,56.86,53.65,62.79,61.76,50.28,38.11,59.63,10.47,25.3,181,489.10580762928,78.5,998.06208,8.645498,37.0392216,20.5046142,0.463643457896354,20.2,2.85796086340386,101.667358548,3.65081288999809,3,4,3,31.6,58.77289,87.55633,31.1988,13.50355,0.92142,69.8169986700022,5.94,29.98,16.47116,17.30568,0.066,11.4960501,9.783198288,0,88.43,967.7321910724,4,1,1,3,30,0.638700788036172,4,0.45,35.4,31,0.771957669596606,0.384322120668864,5.9,3,0.81607474860244,0.019393026828766,2.99,0.3381013,0,0,181,58.8,31.2,13.5,0.079,69.8,967.7,0,0
"Cameroon","CMR",47.22,52.70,56.19,32.75,71.29,37.67,45.26,56.58,71.34,53.31,58.75,41.37,23.99,48.13,41.48,17.41,9.9,63,596.443881870984,87.9,768.83793,16.7524575,52.7122866,45.8016112,0.468363071563392,53.7,2.44570258606921,117.970735813,2.77020130073442,4,4,3,27.6,74.98557,91.64219,66.56681,41.63118,0.85088,75.6851330964976,11,39.63,16.52397,19.93819,0.145,9.311179883,54.456564939,0,77.33,1404.66233804914,6,1,0,1,25,0.774128325078841,4,0.26,33.6,27,0.622631666590539,0.067103833600723,8.1,4,0.644927369434924,0.12450198829174,7.17,0.3476,0,0,63,75.0,66.6,41.6,0.149,75.7,1404.7,0,0
"Nigeria","NGA",46.49,46.63,60.47,32.38,66.93,30.33,44.52,44.74,54.92,64.29,63.74,58.93,35.43,41.46,32.45,20.18,7,42,813.977448355573,108.8,866.19223,2.270619,57.2927089,28.9532135,0.470227535469762,55.6,1.37789406306469,88.83682405,10.2766150603329,5,5,4,20.5,59.56797,63.8372,46.32931,41.09893,0.88784,77.8415471511874,42.68,34.09,15.80172,19.79609,0.111,1.195807382,51.986069511,0.154,75.43,332.124225211468,4,0,1,2,30,0.678117782309362,3,0.29,28.5,26,0.664162179194448,0.033206027888572,9.9,1,0.806628304309556,,6.77,0.4329704,1,0.018862012738524,42,59.6,46.3,41.1,0.112,77.8,332.1,1,1
"Djibouti","DJI",46.30,64.65,42.63,31.63,76.11,53.59,59.98,68.90,50.01,25.55,60.80,34.17,23.63,52.08,42.85,7.96,15.9,118,229.177475226619,65.3,625.96577,52.7084737,64.7067481,47.4339138,0.31764138745689,53.26256,,25.886012492,7.02074548381771,2,3,3,24.7,,57.36906,51.8219,40.52763,0.80395,32.3868655881162,10.71,71.04,16.36789,18.80933,0.145,6.590262659,66.577276135,0,39.2,1067.22757231661,6,0,0,3,25,0.737244522331252,2,,42.3,34,0.55962333458908,0.052936241007448,6.6,4,0.63050426868308,,4.05,0.46974,0,0,118,,51.8,40.5,0.196,32.4,1067.2,0,0
"Mali","MLI",46.24,53.46,50.89,34.38,73.71,35.78,39.67,64.66,44.63,62.30,56.16,40.44,50.53,34.16,46.84,6.01,5,23,587.076476541541,114.7,588.26689,15.875986,64.0584283,24.6707478,0.498605047801765,25.6,3.17834488638612,142.293627847,11.2066601613703,3,2,4,25.6,38.70194,59.37863,55.36279,30.18628,0.7565,149.069131234602,7,36.33,15.52345,25.6494,0.132,5.256227785,69.365618374,0,73.03,1179.83967191766,5,1,1,4,25,0.623886259054682,4,0.53,29.2,35,0.820975081960773,0.042115697554056,7.6,2,0.829653392819671,0.063440062105656,1.56,0.4161872,0,0,23,38.7,55.4,30.2,0.244,100.0,1179.8,0,0
"Mauritania","MRT",46.08,55.26,52.97,30.01,75.55,42.15,40.60,62.76,52.61,65.43,62.09,31.77,27.39,34.22,47.86,10.55,5.6,36,601.585166673901,84.7,619.09814,32.6289439,57.0982427,40.0052301,0.306711807788,21.76256,3.06029452762088,91.728457984,11.3627452573192,3,4,2,24.5,52.102,74.44691,36.06043,20.95766,0.9148,94.1992848711882,10.7,25.27,16.37922,15.8275,0.174,5.728849139,86.348871541,0,42.92,990.967264344262,6,0,1,2,25,0.431435302295788,2,0.28,27.8,31,0.443405236701868,0.062614387510647,6.9,4,0.874945913355804,0.069804526865482,4.44,0.4078516,0,0,36,52.1,36.1,21.0,0.085,94.2,991.0,0,0
"Madagascar","MDG",45.91,43.76,56.91,37.05,69.12,15.91,24.50,65.52,62.93,43.79,62.95,57.96,43.37,40.32,48.14,16.37,33,229,352.861513487317,49.6,429.89085,7.0317622,35.2523217,11.9951814,0.507719683532145,15.4,1.87838897938314,203.978734769,0.616711983928296,3,3,3,28.4,64.6563,,50.0418,21.5842,0.98072,41.2094801442493,3.7,27.43,16.87223,23.42268,0.03,7.210336604,5.525586197,0,64.68,884.347962201331,3,0,0,4,45,0.543700908331915,3,0.4,56.9,28,0.571569789193354,0.02299181495795,4.6,4,0.645549220813832,,6.46,0.3501448,0,0,229,64.7,50.0,21.6,0.019,41.2,884.3,0,0
"Liberia","LBR",45.07,45.99,48.97,40.24,59.68,28.89,33.57,61.80,37.71,54.47,55.42,48.29,61.19,48.92,41.44,9.42,31.9,256,724.506181294037,69.9,609.06918,2.4173082,62.6101175,16.8894483,0.346649350009683,9.8,3.1012659072876,135.642572084,3.30767862892912,3,4,2,33.7,47.60013,37.68945,44.95627,29.93241,0.77964,73.3534491444261,5.41,30.78,15.92814,21.19093,0.187,8.968147583,55.593831975,0,49.67,523.126733455321,3,1,2,3,25,0.610988719322295,4,0.2,37.7,37,0.476567871230388,0.032959251898945,6.2,4,0.634178251931993,0.158361285924911,4.37,0.4638,0,0,256,47.6,45.0,29.9,0.220,73.4,523.1,0,0
"Sierra Leone","SLE",44.22,41.05,55.20,36.39,44.60,21.67,27.65,70.29,64.42,55.71,51.94,48.74,57.78,41.38,41.62,4.80,22.3,160,1359.67420913277,120.4,1327.38804,5.359547,47.8186282,13.262579,0.385261805865065,14.2,1.88006594557511,155.341218869,1.82431151287052,3,2,3,27.3,48.09047,97.93864,63.26079,26.83701,0.85395,76.6560382584021,2.1,28.47,12.52842,27.47974,0.087,6.805220803,66.274441166,0,75.46,753.012495770077,3,1,2,3,10,0.596185196315216,4,0.31,34.4,29,0.588723885920123,0.120972639994732,6.2,3,0.607770428141686,0.089762836694717,2.58,0.49622,0,0,160,48.1,63.3,26.8,0.146,76.7,753.0,0,0
"Ethiopia","ETH",43.50,50.57,52.25,27.68,66.76,28.72,38.41,68.41,55.76,34.57,68.66,50.03,16.49,54.65,31.56,8.02,32,236,352.699291141317,59.2,558.9209,12.1065702,48.6419885,28.0213816,0.439918073402733,26.56256,3.10281620025635,142.638885508,8.05245496085937,2,3,3,25.3,49.0907,85.84677,41.88357,13.07758,0.91017,31.5938803866051,2.9,41.83,18.07968,15.20765,0.029,10.37384062,49.831985503,0,83.52,1037.28540875527,7,0,0,2,30,0.775359536856126,2,0.23,58.3,33,0.600042493955087,0.040892889069721,8.5,2,0.623511305564223,,3.75,0.44335,0,0,236,49.1,41.9,13.1,0.090,31.6,1037.3,0,0
"Yemen","YEM",41.76,54.99,50.62,19.67,72.31,43.75,46.09,57.80,60.67,43.33,57.92,40.55,6.82,42.63,23.94,5.29,26.1,182,385.155057003407,41.9,514.98904,40.4391313,46.5273772,53.3313763,0.458853756092947,48.40671,1.45023483578516,62.342700259,6.9992059179884,3,4,4,21.5,70.07401,84.83733,58.14347,38.9423,0.68814,68.4862707855832,22.55,66.36,16.17834,23.13406,0.147,5.682522296,100.231582794,0,47.95,332.274894214066,7,0,0,0,30,0.562140513297717,2,0.17,42.6,18,0.364051744259498,,9.4,2,0.668230272761913,0.110395818948746,2.35,0.4809012,0,0,182,70.1,58.1,38.9,0.312,68.5,332.3,0,0
"Guinea","GIN",41.66,45.58,51.23,28.18,66.83,35.33,29.09,51.06,42.48,52.39,63.20,46.83,39.73,33.73,35.66,3.59,16.4,115,678.988871880357,93.7,679.5984,14.047618,67.4014594,20.0991418,0.375911889096951,26.2,1.29433509644461,143.513624834,9.02754740703391,5,4,3,27.3,30.40826,73.9667,44.29489,30.72435,0.65594,72.098750753286,1.72,32.56,16.31699,20.88827,0.063,5.95421577,64.103385479,0.605,86.95,1090.56983339317,5,1,1,2,20,0.623541782606742,4,0.38,14.3,25,0.697321389284343,0.049931863466462,8.7,3,0.577264942399086,,2.07,0.4826536,0,0,115,30.4,44.3,30.7,0.344,72.1,1090.6,0,0
"Niger","NER",41.63,48.11,45.15,31.64,71.78,22.19,37.29,61.18,29.64,45.89,63.98,41.12,45.15,33.81,39.60,8.00,9.5,56,553.496951402057,95.5,739.98916,8.7176867,48.6223276,10.8836394,0.46967362486233,14.4,,117.195257267,4.71606667838623,4,3,3,26.4,19.12979,61.01873,24.10713,10.21485,0.70472,44.4374857632685,1.95,23.85,15.50721,19.60741,0.046,5.503934989,61.123040374,0,88.33,1660.51872736849,3,1,0,3,30,0.715845389434579,4,0.61,29.6,34,0.674976672809517,0.070400669233893,7.5,2,0.708519347310822,0.040067695081234,1.41,0.3496483,0,0,56,19.1,24.1,10.2,0.295,44.4,1500.0,0,0
"Angola","AGO",39.70,43.74,49.73,25.65,62.41,27.69,31.12,53.73,52.19,52.23,51.58,42.91,21.36,23.77,43.13,14.32,14.2,90,476.978075626399,156.9,873.27149,14.8444566,28.1695604,51.5937037,0.192643474044625,37,1.71450115922021,133.418582738,10.8457750851463,3,5,3,26.9,71.14099,84.01231,35.81123,21.09862,0.64825,63.4792082001473,21.26,37.84,15.7519,24.17905,0.156,14.28370474,49.967619562,0,53.54,995.887871239446,6,0,0,3,15,0.335712617567485,2,0.36,26.9,15,0.560513772685676,0.126269559503831,7.3,3,0.747554214183908,,5.31,0.34587,0,0,90,71.1,35.8,21.1,0.352,63.5,995.9,0,0
"Chad","TCD",36.38,36.75,45.27,27.11,44.84,20.16,30.79,51.22,36.64,38.04,60.65,45.75,37.66,23.27,42.25,5.26,34.4,261,856.248311762304,138.7,1070.92998,6.4228288,44.750936,12.0801433,0.43534816445779,6.4,1.72844369490415,116.124115827,9.41345347295332,4,5,3,24.1,40.17137,84.44159,26.03688,17.67568,0.45736,39.7509799679755,2.5,40.17,14.73585,23.19335,0.045,5.166458428,59.004907053,0,80.62,1122.70812302016,7,1,1,3,20,0.467403813887253,3,0.45,9.8,22,0.68960402306165,0.020180576860902,8.2,3,0.751034701451535,,1.63,0.4186106,0,0,261,40.2,26.0,17.7,0.543,39.8,1122.7,0,0
"Afghanistan","AFG",35.89,41.55,43.46,22.65,69.05,29.21,24.01,43.94,49.06,52.70,50.14,21.92,28.09,37.24,18.65,6.61,26.8,173,396.137276827716,91.1,362.69138,12.1708558,46.975333,31.8529526,0.599943842578277,43,,251.840418466,6.4508176266087,5,5,5,15.5,38.15612,,66.15321,43.90559,0.5608,74.8828424132874,6.39,37.44,15.91239,30.54287,0.144,10.09512227,135.686836803,0,21.25,544.791752922423,6,1,1,0,,0.481395256238471,1,0.17,42.7,11,0.447477020320924,0.021394546788559,8.9,1,0.508817542823797,0.284256905317307,0.98,0.4482338,0,0,173,38.2,66.2,43.9,0.439,74.9,544.8,0,0
"Central African Republic","CAF",30.03,29.84,41.42,18.83,35.46,26.45,21.40,36.05,30.82,35.41,58.88,40.58,2.27,38.66,21.81,12.57,47.7,380,882.065658671722,130.1,1212.1434,1.6119233,54.3507125,21.792091,0.304679216442011,10.8,,168.719070404,13.6489154608389,5,5,5,32.4,36.75261,70.55846,23.03378,9.09162,0.51273,24.5396089317025,4.03,33.84,15.89603,18.49397,0.08,14.60704169,66.259597745,0,90.87,11031.6937698695,7,0,0,0,10,0.7757738137794,3,0.42,27,24,0.736185915866966,0.108333935115035,9.6,1,0.387390900906386,0.063693664968014,4.27,0.345496,0,0,380,36.8,23.0,9.1,0.487,24.5,1500.0,0,0
"Bahrain","BHR",,,73.11,48.02,,99.74,86.71,71.79,93.75,75.03,58.57,65.08,28.14,68.61,49.35,45.99,,,15.1811907812483,6.2,48.48326,100,100,99.1976325,0.533490446896066,97.69783,6.18413566268317,2.359621286,0.545038043726235,2,4,3,8,95.70295,,100.14868,85.02844,1.04025,173.27393347722,90.99998,58.69,20.14415,13.34024,0.357,10.15480785,38.144964881,72.68,56.54,619.513974253884,7,0,0,3,60,0.854180863780622,2,0.04,56.3,51,0.679710041550727,,7.7,3,0.853927155014368,0.332381665706635,10.53,,2,0.428200351586073,,95.7,100.0,85.0,0.040,100.0,619.5,2,4
"Belize","BLZ",,,65.35,,95.31,91.61,72.70,,85.61,59.54,58.38,57.86,85.22,,54.95,29.15,6.2,40,27.700524282698,16.5,104.56716,80.6117987,100,90.5396464,0.385281028497862,100,4.085434,23.739411502,45.0947232331859,,,,24.4,82.68886,96.53275,90.51343,58.7073,1.04166,50.7125660028609,38.7,18.54,20.56706,14.42399,0.33,12.35870947,2.792032967,2.2801,99.03,3574.39692998137,1,2,2,4,35,0.858789704987372,4,,71.2,,0.49241093235552,0.217943203376596,4.1,4,0.752596414127746,0.199500113725662,9.77999999999999,0.1585449,0,0,40,82.7,90.5,58.7,0.042,50.7,1500.0,0,0
"Bhutan","BTN",,,67.28,43.68,,72.37,78.59,85.73,78.58,64.25,60.53,65.76,47.14,73.76,46.71,7.12,,,147.894825933827,32.9,186.9087,58.1945519,100,50.4003421,0.856441127384262,75.56256,5.75565882779784,64.012535534,2.47044666124807,1,2,2,15.1,64.88745,85.5824,91.94067,69.1697,1.06927,82.0700618638577,34.37,32.65,19.47774,20.51436,0.143,12.89513484,57.246362427,0,96.34,168.219456657223,3,1,0,2,60,0.809123477447691,2,0.14,84.6,65,0.600270616504717,0.163778698783144,7.9,3,0.842102590433268,,3.23,0.4481067,0,0,,64.9,91.9,69.2,0.069,82.1,168.2,0,0
"Burundi","BDI",,,54.02,26.54,,45.45,25.50,58.66,68.61,33.35,59.53,54.58,14.21,43.51,37.02,11.41,,,711.597366955289,81.7,704.8319,6.9858838,73.7657629,48.0129097,0.303110644757146,6.5,2.08395819718154,152.77067149,4.19430579908148,3,4,4,21.3,85.62481,95.35938,50.12112,20.77257,0.84806,30.4620103575855,1.38,42.93,16.05164,24.29228,0.031,10.27926728,53.600849768,0,64.71,404.141968586387,7,0,0,2,20,0.427258309222558,4,0.1,40.6,21,0.576450497379421,0.034666662249718,8,4,0.563049301482702,0.044237732887268,4.23,0.3686809,0,0,,85.6,50.1,20.8,0.152,30.5,404.1,0,0
"Cape Verde","CPV",,,71.37,,91.91,73.96,60.40,,88.40,76.81,67.41,52.86,94.32,,,21.38,9.4,68,42.3483394742285,24.5,141.88444,59.4410946,87.2931361,72.221949,,70.56256,3.17139261419123,39.826658491,10.6407646331652,,,,26.1,87.57656,98.16653,114.22628,72.31295,1.13523,121.789701709763,40.26,20.69,19.93067,15.10845,0.115,10.54198437,51.650505683,,37.03,204.551772550292,1,2,2,4,75,,4,,75.8,55,,,4,4,,,6.14,0.18239,0,0,68,87.6,100.0,72.3,0.135,100.0,204.6,0,0
"Comoros","COM",,,63.09,40.24,,57.08,46.59,,73.58,49.23,56.73,72.82,58.57,40.26,49.42,12.71,,,335.231727916161,73.5,494.6237,38.0299925,89.1400412,35.8187305,0.395350910084812,69.3,,133.983144823,8.01310570915889,,,,21.8,77.76355,83.21599,65.53906,50.36706,1.03764,50.9012038201154,6.98,24.52,15.87739,23.47109,0.133,7.837209134,7.950571195,,68.38,397.930088531187,3,1,1,4,30,0.533299519691858,3,,31.2,26,0.652773431983039,0.080047488298719,5,3,0.719217886206751,,6.03,0.4761438,0,0,,77.8,65.5,50.4,0.038,50.9,397.9,0,0
"Congo, Democratic Republic of","COD",,,51.99,28.72,,19.70,27.03,40.55,60.42,41.50,55.58,50.48,24.34,36.03,36.79,17.70,,,693.350225822608,98.3,920.67195,7.8570153,31.2115202,28.651404,0.38505345267998,16.4,,160.456715764,13.4759142346513,5,4,5,33.2,77.28964,,55.63678,36.70269,0.62181,53.4932163754393,3,44.31,15.45068,23.5655,0.046,15.80573695,60.104770625,0,76.14,744.92073749641,6,1,1,0,10,0.541783767383069,4,0.25,17.1,22,0.536578114435282,0.083633209713975,9.5,3,0.766555662972963,0.037718754261732,6.26,0.2769055,0,0,,77.3,55.6,36.7,0.378,53.5,744.9,0,0
"Cuba","CUB",,,64.58,,98.57,86.94,,79.41,96.34,27.22,63.42,71.36,2.27,65.91,,46.98,5,7,39.1640978410843,5.5,33.22394,77.6595299,89.797547,93.1589044,,100,,3.185333297,4.70882966213684,1,3,3,7.5,99.71157,93.15654,100.82088,98.54311,1.03432,22.4783958427502,30,70.21,21.96208,16.54665,0.229,11.97905632,16.264710939,8.283,78.51,214.656620145602,7,0,0,0,10,,2,0.23,88,47,,,4.5,4,,0.755912899971008,13.19,0.1125588,1,0.043817704035815,8,99,100.0,98.5,0.034,22.5,214.7,1,1
"Gabon","GAB",,67.57,,42.44,84.09,55.92,57.82,72.47,,64.93,58.03,66.44,35.99,48.55,55.40,29.81,5,18,290.693240065504,50.8,589.38116,64.5393813,66.6762996,41.858578,0.254567708114588,89.3,2.49805865225854,48.820493413,9.40999373076049,2,3,2,22.9,83.17981,,,,,171.375053030046,9.81,31.38,18.12271,15.04277,0.198,16.70572973,42.872964457,0,89.37,221.162915007813,6,1,1,1,40,0.663817343649538,4,0.22,35.7,34,0.61061089278788,0.034110264717953,3.7,4,0.75225981569973,0.447366237640381,10.16,0.2347992,0,0,18,83.2,,,,100.0,221.2,0,0
"Gambia, The","GMB",,59.51,53.36,,76.36,61.04,41.85,58.78,61.93,61.32,61.99,28.19,30.21,41.99,,8.48,5.3,32,706.020163709494,68.9,590.45238,33.1260491,84.3516869,58.8754473,,34.5268,2.9853684891354,131.890467213,9.60326866956793,4,3,3,29.4,55.54719,67.93066,64.08891,47.75778,0.94973,119.630488738859,15.56,44.5,16.75858,19.13068,0.133,5.916336399,67.21296763,0.4,43.63,2548.54380972515,7,1,0,3,25,,4,0.25,25.1,28,,,3.7,4,,0.055109802633524,3.48,,0,0,32,55.5,64.1,47.8,0.050,100.0,1500.0,0,0
"Guinea-Bissau","GNB",,,,,64.11,30.02,,58.13,,51.20,53.14,43.61,57.98,41.35,,6.89,20.7,143,549.101074751933,92.5,869.7815,5.7527354,60.2792565,20.849953,,60.60672,,178.001526155,10.2867470868212,4,4,2,27.5,59.91057,68.23333,,,,63.4836905529735,3.32,28.7,14.85519,22.39572,0.206,7.380251851,86.679104368,0,87.3,964.526358841331,5,1,2,4,20,,4,0.22,32.7,17,,,5.7,4,,,2.36,0.40315,0,0,143,59.9,,,,63.5,964.5,0,0
"Guyana","GUY",,73.91,58.60,,87.04,84.93,63.71,59.95,86.88,62.97,33.37,51.19,70.61,,,30.50,10.6,74,228.76193290738,39.4,177.24586,67.3060421,98.3017861,83.6501732,,79.46677,3.01403453700039,19.519858047,19.4630081842805,5,3,2,17.3,88.49968,81.36664,93.02862,83.2775,0.99208,70.5389105324652,37.35,27.21,15.24728,37.23384,0.216,25.00664603,29.788629662,0.65,51.31,747.005827622014,2,1,2,4,30,,4,,60.9,29,,,6.5,4,,0.015243919566274,10.85,0.1048157,0,0,74,88.5,93.0,83.3,0.008,70.5,747.0,0,0
"Haiti","HTI",,42.39,,36.65,49.99,27.47,33.46,58.64,,55.09,59.86,45.34,55.71,39.52,36.71,14.67,53.4,546,359.318641818236,69,405.37111,9.7959011,47.6118794,27.6049817,0.22249743818992,37.9,1.58751151900034,115.481474461,10.1612024649137,3.5,4,3,,60.73228,,56.55052,,,64.7074595783417,11.4,25.08,17.01645,23.92597,0.088,7.959279029,43.553457184,0,24.41,474.871267185871,5,1,2,4,10,0.390837858884177,4,0.19,47.5,17,0.479182441018799,0.160861074264162,6.7,3,0.562703375247919,0.038949612528086,6.9,0.3829759,0,0,546,60.7,56.6,,,64.7,474.9,0,0
"Libya","LBY",,,60.61,33.39,,,69.13,34.34,89.36,61.30,54.80,36.96,10.56,53.82,45.32,23.86,,,9.3313578726391,13.4,52.63904,,,96.5640929,0.349563080516468,100,2.84627122550584,2.418324249,2.52461952090721,3.5,5,4,73.4,91.02328,,109.50278,94.2919,1.17521,161.12060986476,17.76,45.99,19.72242,17.63396,0.439,3.892375588,55.772676869,9.6,24.72,921.348321035032,6,0,0,1,10,0.771930179534575,2,0.03,41.8,16,0.701113927625108,,7.8,2,0.858069990681925,0.831692636013031,6.27,,0,0,,91.0,100.0,94.3,0.175,100.0,921.3,0,0
"Luxembourg","LUX",,,87.32,85.08,99.45,99.22,89.65,,94.89,93.38,70.43,90.59,97.73,88.45,84.98,69.18,5,8,9.6977944007953,1.9,20.53522,100,100,97.6007849,0.558802169692085,100,6.56030084763543,0,0.191360997337334,,,,8.7,,92.45727,113.75683,94.02542,1.02604,149.489251268255,94.67,13.61,24.6688,11.41894,0.249,10.81836734,21.582670089,96.844075,100,235.989725784303,1,2,2,4,90,0.930711223078052,4,0.01,,81,0.857939596846481,0.811651627343989,3.1,4,0.93360458926818,1.05234909057617,14.08,0.0601176,1,0.845357436318817,8,,100.0,94.0,0.026,100.0,236.0,2,6
"Malta","MLT",,,81.68,68.02,98.97,100,81.80,,89.52,83.84,70.24,83.14,83.15,74.23,74.95,39.75,5,8,8.78066928648929,6.4,23.59118,100,100,100,0.626893531722511,100,4.46668728873843,0,1.63075179394345,,,,5.1,94.1388,96.55773,90.30803,82.27681,0.88568,126.986883523269,73.17,24.16,23.23585,11.61218,0.283,4.563171228,24.113795973,68.49,93.98,261.901901669758,1,1,2,4,70,0.90600284399235,4,,69.9,56,0.619657307074251,0.758011501777451,3.9,4,0.911484276676598,0.60014134645462,11.59,0.0731224,0,0,8,94.1,90.3,82.3,0.114,100.0,261.9,0,0
"Oman","OMN",,86.17,70.43,,96.79,85.52,87.37,75.01,95.01,77.42,63.13,46.14,35.29,64.27,,,5,33,17.1356889391666,11.6,84.24151,74.3830546,86.1426972,96.743553,0.583912246413172,97.69783,6.13513997478047,3.180096948,1.20907097546631,2,2,3,25.4,94.75601,91.09336,107.7854,96.78803,1.01308,157.753256596473,70.22,38.83,20.49273,17.81812,0.267,4.094227087,52.506430423,5.42,48.68,740.739215075111,6,0,0,4,55,0.910819262746826,2,0.04,37.2,45,,,3,4,,,8.19,,1,0.088447865903901,33,94.8,100.0,96.8,0.013,100.0,740.7,1,2
"Papua New Guinea","PNG",,,54.67,,,17.69,,57.93,62.40,47.17,54.21,54.89,52.84,50.41,,23.56,,,214.799103713706,57.3,554.25686,9.4622527,32.7777311,18.9244137,,18.10671,,159.199031728,10.3951846821924,5,4,2,16.8,64.23469,86.01087,73.22081,22.367,0.75508,44.9284574273138,9.38,25.87,14.91985,26.42219,0.098,9.108343236,6.39169378,0,46.46,770.523148315113,4,1,1,4,20,,4,0.16,46.3,25,,,6.3,3,,0.045977152884007,6.04,0.11463,0,0,,64.2,73.2,22.4,0.245,44.9,770.5,0,0
"Qatar","QAT",,,76.92,48.78,,97.75,87.10,84.13,93.18,84.17,57.46,72.87,18.23,70.54,60.36,46.00,,,12.6342285332739,8,28.33651,94.150005,100,98.0184204,0.489820139833422,97.69783,6.39845495868996,0.008989138886,8.05566906725602,1,2,2,15.2,97.75735,92.09112,101.51929,97.53956,0.88937,145.764746136982,91.49,35.35,22.22732,14.21322,0.472,7.046293372,25.288655309,70,58.37,325.282824063122,6,0,0,0,65,0.903133748237183,2,0.18,58.5,71,0.796181885555405,,4.6,4,0.840000759314358,0.503426074981689,10.82,,1,0.292813304296179,,97.8,100.0,97.5,0.111,100.0,325.3,1,4
"Singapore","SGP",,,,67.10,,100,92.31,89.21,,77.69,78.14,82.90,49.07,82.59,66.33,70.43,,,9.98423945072225,2.7,66.24703,100,,100,0.656352249070182,100,6.74275759225938,0,0.312914075682343,1,3,1,3.6,96.83772,,,,,146.885085684477,82,45.87,25.09126,10.50441,0.114,9.714348299,32.712741354,100,72.26,141.592595886505,4,0,1,2,90,0.861832829103624,1,0,74.7,85,0.692586445164966,0.239680527129055,3.1,4,0.844614388441693,1.72740209102631,13.83,,2,0.217436596331281,,96.8,,,,100.0,141.6,3,4
"Sudan","SDN",,,47.86,18.36,,31.34,33.67,49.47,55.63,42.89,60.05,32.87,8.47,25.24,27.28,12.44,,,310.852763467143,70.1,494.95886,24.3294993,50.1831999,23.6439834,0.252808858948925,32.56256,,125.610428302,6.54222117620066,4,4,5,24.3,75.89989,53.78016,50.04215,33.17855,0.913,72.1989896103896,24.64,72.34,17.43482,17.43419,0.156,11.54631838,71.967683788,0,42.8,1127.10674644704,7,0,0,1,,0.274023611806344,1,0.24,29.6,12,0.302551490658421,0.067509040797114,9.7,2,0.7924633303229,0.138382539153099,5.67,0.4267139,0,0,,75.9,50.0,33.2,0.087,72.2,1127.1,0,0
"Suriname","SUR",,,72.77,56.52,92.31,78.50,72.02,,79.48,77.72,65.27,68.61,70.61,66.14,57.89,31.44,8,56,155.155383811429,21.3,83.74282,65.7972563,88.4157735,79.2192993,0.443985305379956,100,3.44605872434462,15.374015805,9.28028848671043,,,,19.1,95.57191,91.39313,99.85455,51.52517,1.30855,170.57498736039,40.08,18.2,23.38242,13.64352,0.234,15.48245733,32.704943427,,81.12,440.902276674025,2,1,2,4,30,0.867315194170339,4,,71.1,36,0.669221228005082,0.361427598319889,5.8,4,0.747685450846499,,10.14,0.1902641,0,0,56,95.6,99.9,51.5,0.309,100.0,440.9,0,0
"Timor-Leste","TLS",,56.16,,,75.05,41.83,43.97,63.78,79.75,62.24,59.82,,66.32,54.57,,15.61,26.9,184,214.642308073627,52.6,343.54306,24.9216317,60.5171598,40.6332398,,41.56256,3.04512893243243,131.476151183,3.61295103988142,4,4,2,16.6,67.52085,96.64254,81.47267,63.61903,1.08048,119.377164431263,1.14,32.63,16.92412,23.74678,0.048,11.26552431,3.55053598,,71.39,,3,2,1,4,20,,4,0.08,47.3,28,,,6.5,3,,,6.92,0.4762373,0,0,184,67.5,81.5,63.6,0.080,100.0,,0,0
"Trinidad and Tobago","TTO",,79.51,,62.31,93.85,90.48,80.39,53.34,,82.47,48.64,58.46,75.15,68.88,65.26,39.96,7.4,55,62.7198330334191,20.4,80.43849,83.5203464,95.1427003,91.5159089,0.342986466951748,99.8278,5.4013348064115,0.2615331373,30.2171001114058,5,4,2,14.1,98.96305,95.23794,97.53246,,,147.337779480522,65.1,22.39,17.81031,26.15113,0.288,11.68396415,23.384848999,5,88.51,1030.20962956298,2,1,2,4,50,0.829435087334374,4,0.03,63.4,39,0.67869777598336,0.269559670377735,4.1,4,0.879595180343526,0.391002148389816,13.28,0.06595,0,0,55,99.0,97.5,,,100.0,1030.2,0,0
"Turkmenistan","TKM",,71.89,49.48,,92.49,44.89,81.88,68.30,91.48,46.42,41.08,18.95,10.80,52.16,57.05,,5,22,42.0231364322344,51.4,115.79694,53.5938579,34.5999963,62.6935425,0.459629207231725,100,,0.5696096046,4.34415527228652,3,3,3,17.4,99.69291,,87.36086,81.96051,0.96289,135.780437449632,12.2,80.83,15.87192,40.83949,0.184,10.24912611,120.839572261,9.8,49.93,1680.55582654565,7,0,0,2,5,0.508374373390223,2,0.05,70.5,18,0.735899822233434,,7.1,4,0.8879394455033,,14.01,,0,0,22,99,87.4,82.0,0.037,100.0,1500.0,0,0
"Vietnam","VNM",,78.15,,36.50,91.55,71.45,74.36,75.23,,58.78,76.28,58.20,8.24,65.09,44.25,28.42,11,83,54.1130855962159,21.7,95.95641,27.2274168,96.8589451,77.9891286,0.658539863642231,99,4.11294098676637,52.84855658,1.51191270972679,2,2,3,24.5,94.50683,97.96511,93.50549,,,147.1108876642,48.31,72.63,22.35942,17.38399,0.016,5.313231125,43.70099033,0.1525,82.37,605.851996991384,7,0,0,1,15,0.812844731290042,2,0.1,78.6,31,0.430683584133003,0.254156702982272,6.5,2,0.846590733566112,0.221973523497581,9.65,0.18034,0,0,83,94.5,93.5,,,100.0,605.9,0,0
"Zambia","ZMB",,49.19,,42.49,54.75,36.13,40.63,65.26,,53.97,64.68,59.00,40.32,60.81,46.75,22.09,47.8,405,224.2364430135,64,764.33608,15.7534819,51.3353673,43.8709003,0.461438185351166,22.06256,3.34628218566479,127.501450719,6.15874195211692,3,3,3,24.7,63.37661,87.40411,62.81236,,,67.3381642582832,17.34,34.35,17.29255,18.10427,0.096,6.607616848,39.393049108,4.2,97.06,895.081064039408,3,1,0,2,30,0.80781145191261,3,0.19,63.6,38,0.607787513739333,0.116628110867753,5.7,3,0.706222689484841,0.038057673722506,7.75,0.2173491,0,0,405,63.4,62.8,,,67.3,895.1,0,0
